"index","draw_date","white1","white2","white3","white4","white5","pb"
1,"1997-11-05",2,19,35,24,28,26
2,"1997-11-08",40,17,21,7,49,37
3,"1997-11-12",41,14,13,29,16,1
4,"1997-11-15",32,7,45,21,26,8
5,"1997-11-19",19,10,48,3,21,22
6,"1997-11-22",22,31,3,7,14,2
7,"1997-11-26",15,46,34,23,40,35
8,"1997-11-29",11,27,13,2,31,23
9,"1997-12-03",18,9,14,47,42,32
10,"1997-12-06",15,26,28,8,43,36
11,"1997-12-10",18,21,28,41,4,3
12,"1997-12-13",44,41,46,35,5,27
13,"1997-12-17",3,5,45,18,13,20
14,"1997-12-20",23,11,12,17,10,7
15,"1997-12-24",28,16,35,34,3,14
16,"1997-12-27",14,48,15,36,9,17
17,"1997-12-31",27,14,6,4,5,6
18,"1998-01-03",4,9,27,7,32,6
19,"1998-01-07",18,4,30,37,3,23
20,"1998-01-10",17,9,7,44,20,25
21,"1998-01-14",16,9,6,28,38,13
22,"1998-01-17",28,9,49,38,29,6
23,"1998-01-21",31,32,23,1,26,33
24,"1998-01-24",7,23,15,28,36,10
25,"1998-01-28",23,48,36,15,31,12
26,"1998-01-31",13,36,48,7,11,18
27,"1998-02-04",30,25,12,8,21,20
28,"1998-02-07",40,12,15,5,27,14
29,"1998-02-11",37,34,33,25,35,35
30,"1998-02-14",41,23,5,39,7,6
31,"1998-02-18",1,33,28,29,21,15
32,"1998-02-21",22,47,29,39,9,25
33,"1998-02-25",30,43,2,20,46,19
34,"1998-02-28",49,26,4,45,41,6
35,"1998-03-04",39,30,19,3,33,9
36,"1998-03-07",32,36,42,30,21,33
37,"1998-03-11",2,17,36,24,5,20
38,"1998-03-14",15,47,35,34,42,15
39,"1998-03-18",4,41,39,2,33,26
40,"1998-03-21",38,34,4,35,47,16
41,"1998-03-25",42,44,35,23,5,29
42,"1998-03-28",27,44,33,38,30,15
43,"1998-04-01",47,33,11,34,12,39
44,"1998-04-04",8,3,23,46,43,13
45,"1998-04-08",3,24,30,49,10,35
46,"1998-04-11",49,48,5,36,15,11
47,"1998-04-15",41,25,8,24,39,21
48,"1998-04-18",22,24,45,19,30,21
49,"1998-04-22",13,4,49,29,31,4
50,"1998-04-25",35,5,38,7,20,19
51,"1998-04-29",25,46,8,47,30,31
52,"1998-05-02",49,3,37,19,14,4
53,"1998-05-06",20,47,45,44,11,5
54,"1998-05-09",8,49,34,29,26,28
55,"1998-05-13",2,36,13,30,18,26
56,"1998-05-16",22,1,41,28,23,18
57,"1998-05-20",9,30,48,34,4,8
58,"1998-05-23",15,16,35,46,1,35
59,"1998-05-27",46,27,15,33,2,27
60,"1998-05-30",3,45,29,24,14,24
61,"1998-06-03",31,22,25,41,35,38
62,"1998-06-06",24,42,26,16,28,24
63,"1998-06-10",12,36,38,19,4,6
64,"1998-06-13",21,23,6,8,3,11
65,"1998-06-17",36,35,7,37,14,10
66,"1998-06-20",49,27,26,31,9,4
67,"1998-06-24",27,18,16,30,13,23
68,"1998-06-27",7,10,31,30,36,37
69,"1998-07-01",3,17,29,35,47,34
70,"1998-07-04",39,25,38,15,30,42
71,"1998-07-08",19,5,16,34,29,24
72,"1998-07-11",10,12,1,6,38,17
73,"1998-07-15",16,21,36,23,11,37
74,"1998-07-18",10,40,14,8,33,31
75,"1998-07-22",30,49,1,23,22,33
76,"1998-07-25",23,14,3,21,17,16
77,"1998-07-29",39,8,43,45,49,13
78,"1998-08-01",4,25,20,44,1,5
79,"1998-08-05",42,35,19,12,3,21
80,"1998-08-08",45,42,5,9,33,28
81,"1998-08-12",10,42,33,2,45,2
82,"1998-08-15",37,12,49,27,30,20
83,"1998-08-19",8,23,43,15,46,29
84,"1998-08-22",21,22,11,7,49,19
85,"1998-08-26",6,32,46,23,42,8
86,"1998-08-29",13,18,14,29,31,23
87,"1998-09-02",28,29,44,40,21,8
88,"1998-09-05",26,49,10,16,8,40
89,"1998-09-09",42,46,12,4,19,9
90,"1998-09-12",19,28,33,16,35,16
91,"1998-09-16",40,35,6,24,42,2
92,"1998-09-19",41,35,19,37,1,11
93,"1998-09-23",1,21,42,22,5,18
94,"1998-09-26",25,24,5,3,2,8
95,"1998-09-30",2,8,3,12,36,24
96,"1998-10-03",5,25,32,14,22,4
97,"1998-10-07",15,8,26,9,6,7
98,"1998-10-10",1,19,8,28,45,25
99,"1998-10-14",26,14,18,32,15,6
100,"1998-10-17",44,48,47,32,28,27
101,"1998-10-21",24,27,22,44,39,25
102,"1998-10-24",12,25,17,10,40,20
103,"1998-10-28",44,24,35,9,8,42
104,"1998-10-31",17,42,33,37,34,8
105,"1998-11-04",17,2,36,8,30,22
106,"1998-11-07",5,33,10,13,30,28
107,"1998-11-11",48,36,14,25,10,2
108,"1998-11-14",41,35,10,16,3,38
109,"1998-11-18",21,25,33,39,46,18
110,"1998-11-21",15,14,21,1,35,10
111,"1998-11-25",6,33,48,13,10,9
112,"1998-11-28",11,4,43,6,2,9
113,"1998-12-02",45,29,36,4,22,30
114,"1998-12-05",31,19,9,27,20,39
115,"1998-12-09",40,12,43,48,33,16
116,"1998-12-12",29,40,16,12,26,32
117,"1998-12-16",3,32,19,27,8,38
118,"1998-12-19",5,15,45,17,3,6
119,"1998-12-23",45,29,31,39,46,33
120,"1998-12-26",17,27,29,7,41,33
121,"1998-12-30",38,34,46,20,10,3
122,"1999-01-02",23,26,39,4,17,27
123,"1999-01-06",16,44,2,9,13,36
124,"1999-01-09",27,5,10,11,32,13
125,"1999-01-13",31,15,33,47,43,6
126,"1999-01-16",2,40,28,15,20,15
127,"1999-01-20",12,2,40,19,48,27
128,"1999-01-23",3,49,30,19,26,31
129,"1999-01-27",20,23,4,44,2,22
130,"1999-01-30",19,40,25,24,45,5
131,"1999-02-03",39,42,26,20,30,32
132,"1999-02-06",25,48,39,15,32,32
133,"1999-02-10",31,42,10,27,20,26
134,"1999-02-13",18,4,35,27,9,11
135,"1999-02-17",36,25,21,22,10,39
136,"1999-02-20",16,39,24,6,15,12
137,"1999-02-24",46,15,40,29,8,23
138,"1999-02-27",30,13,46,20,32,36
139,"1999-03-03",1,44,42,12,8,13
140,"1999-03-06",25,42,19,13,20,13
141,"1999-03-10",34,26,49,14,1,15
142,"1999-03-13",11,49,8,42,44,39
143,"1999-03-17",9,15,31,40,37,9
144,"1999-03-20",20,41,4,40,22,7
145,"1999-03-24",19,20,27,7,26,12
146,"1999-03-27",12,45,13,5,48,35
147,"1999-03-31",16,3,15,39,28,1
148,"1999-04-03",1,4,10,17,30,6
149,"1999-04-07",26,5,37,39,31,42
150,"1999-04-10",3,34,45,42,24,1
151,"1999-04-14",25,10,40,19,12,33
152,"1999-04-17",18,40,25,43,15,37
153,"1999-04-21",3,11,45,41,32,29
154,"1999-04-24",3,48,45,1,35,18
155,"1999-04-28",42,5,12,18,7,14
156,"1999-05-01",20,9,27,7,26,18
157,"1999-05-05",7,40,9,31,26,24
158,"1999-05-08",25,47,34,28,30,14
159,"1999-05-12",5,12,40,38,4,28
160,"1999-05-15",4,38,24,27,30,14
161,"1999-05-19",24,35,4,41,9,31
162,"1999-05-22",36,18,6,43,15,11
163,"1999-05-26",36,26,34,29,37,24
164,"1999-05-29",43,36,35,5,45,19
165,"1999-06-02",48,24,4,20,46,32
166,"1999-06-05",49,8,37,2,16,11
167,"1999-06-09",32,35,7,48,38,17
168,"1999-06-12",28,26,35,45,17,20
169,"1999-06-16",2,4,38,14,8,1
170,"1999-06-19",46,2,23,38,27,26
171,"1999-06-23",15,12,23,17,49,7
172,"1999-06-26",22,15,38,47,8,26
173,"1999-06-30",5,20,40,10,12,3
174,"1999-07-03",1,7,8,37,21,2
175,"1999-07-07",41,3,6,37,17,8
176,"1999-07-10",35,17,7,44,37,30
177,"1999-07-14",25,32,6,29,1,9
178,"1999-07-17",37,40,36,30,48,28
179,"1999-07-21",26,13,31,4,29,3
180,"1999-07-24",4,23,45,47,33,33
181,"1999-07-28",22,25,31,23,32,25
182,"1999-07-31",45,18,43,46,26,29
183,"1999-08-04",24,33,35,4,18,34
184,"1999-08-07",42,49,45,1,44,1
185,"1999-08-11",5,7,43,12,10,7
186,"1999-08-14",6,39,5,45,1,14
187,"1999-08-18",8,5,26,41,9,19
188,"1999-08-21",17,45,28,42,2,20
189,"1999-08-25",45,11,13,21,34,30
190,"1999-08-28",38,39,25,14,18,7
191,"1999-09-01",9,37,39,36,32,14
192,"1999-09-04",23,22,34,26,14,29
193,"1999-09-08",8,43,22,39,15,22
194,"1999-09-11",37,4,32,42,33,25
195,"1999-09-15",37,12,1,42,48,31
196,"1999-09-18",2,46,26,34,8,30
197,"1999-09-22",8,33,38,35,47,8
198,"1999-09-25",33,41,36,32,15,7
199,"1999-09-29",29,46,11,41,22,42
200,"1999-10-02",48,35,15,12,25,30
201,"1999-10-06",7,6,38,42,15,42
202,"1999-10-09",20,8,43,39,27,1
203,"1999-10-13",23,15,44,38,43,38
204,"1999-10-16",5,40,18,22,12,21
205,"1999-10-20",2,20,19,29,16,13
206,"1999-10-23",32,15,12,37,27,11
207,"1999-10-27",31,24,20,39,17,21
208,"1999-10-30",26,41,33,37,10,21
209,"1999-11-03",7,3,8,1,26,7
210,"1999-11-06",8,5,12,40,25,28
211,"1999-11-10",43,40,19,13,31,36
212,"1999-11-13",26,13,32,16,34,24
213,"1999-11-17",27,20,11,48,43,12
214,"1999-11-20",5,6,18,44,42,3
215,"1999-11-24",43,2,15,4,37,40
216,"1999-11-27",16,24,38,28,3,28
217,"1999-12-01",32,14,47,20,3,2
218,"1999-12-04",38,25,36,22,5,37
219,"1999-12-08",34,13,44,40,47,24
220,"1999-12-11",47,10,6,31,48,29
221,"1999-12-15",35,33,47,19,32,26
222,"1999-12-18",43,3,2,25,15,25
223,"1999-12-22",43,23,42,13,11,18
224,"1999-12-25",19,39,29,6,44,28
225,"1999-12-29",43,11,16,3,14,10
226,"2000-01-01",36,13,23,9,45,39
227,"2000-01-05",15,5,16,28,32,39
228,"2000-01-08",28,7,35,40,48,14
229,"2000-01-12",32,9,44,38,41,27
230,"2000-01-15",40,1,6,21,33,28
231,"2000-01-19",12,37,31,35,44,34
232,"2000-01-22",41,32,4,34,16,25
233,"2000-01-26",46,43,18,25,30,18
234,"2000-01-29",28,8,32,6,47,26
235,"2000-02-02",16,6,10,12,29,33
236,"2000-02-05",44,11,41,34,6,20
237,"2000-02-09",40,36,49,5,29,30
238,"2000-02-12",45,37,44,21,24,24
239,"2000-02-16",31,10,12,9,41,37
240,"2000-02-19",45,24,14,23,48,21
241,"2000-02-23",32,12,20,16,26,35
242,"2000-02-26",49,9,7,23,37,7
243,"2000-03-01",22,30,38,21,29,39
244,"2000-03-04",6,43,8,48,3,1
245,"2000-03-08",36,17,14,11,25,38
246,"2000-03-11",23,11,31,2,28,39
247,"2000-03-15",19,44,15,38,14,20
248,"2000-03-18",30,43,46,12,39,10
249,"2000-03-22",41,3,12,46,30,32
250,"2000-03-25",6,48,43,30,45,32
251,"2000-03-29",40,12,32,37,49,37
252,"2000-04-01",4,3,29,38,13,21
253,"2000-04-05",6,11,18,8,39,40
254,"2000-04-08",33,4,48,12,9,18
255,"2000-04-12",31,20,4,25,6,6
256,"2000-04-15",28,26,48,40,15,9
257,"2000-04-19",8,20,49,9,3,22
258,"2000-04-22",48,3,9,5,42,35
259,"2000-04-26",37,24,10,5,17,15
260,"2000-04-29",12,14,35,26,36,37
261,"2000-05-03",5,48,41,34,13,7
262,"2000-05-06",39,4,27,29,41,16
263,"2000-05-10",31,47,20,18,8,11
264,"2000-05-13",38,1,42,27,3,24
265,"2000-05-17",17,20,49,16,28,34
266,"2000-05-20",40,5,48,17,44,26
267,"2000-05-24",7,47,19,43,46,4
268,"2000-05-27",30,29,2,44,22,36
269,"2000-05-31",22,15,42,43,16,11
270,"2000-06-03",31,37,13,14,15,10
271,"2000-06-07",46,45,19,39,49,17
272,"2000-06-10",47,2,32,40,16,15
273,"2000-06-14",23,21,42,32,34,5
274,"2000-06-17",25,15,47,44,6,7
275,"2000-06-21",43,1,28,27,24,25
276,"2000-06-24",49,13,26,27,2,4
277,"2000-06-28",27,24,30,13,45,18
278,"2000-07-01",42,14,22,13,32,26
279,"2000-07-05",32,18,10,14,33,2
280,"2000-07-08",10,2,39,34,7,12
281,"2000-07-12",9,10,48,6,26,10
282,"2000-07-15",21,5,8,49,46,34
283,"2000-07-19",36,5,8,18,38,40
284,"2000-07-22",12,2,33,15,41,33
285,"2000-07-26",3,37,20,22,44,36
286,"2000-07-29",38,24,26,11,41,7
287,"2000-08-02",12,42,49,33,27,31
288,"2000-08-05",32,38,28,13,33,14
289,"2000-08-09",18,28,19,11,17,34
290,"2000-08-12",46,47,31,6,38,21
291,"2000-08-16",44,16,15,47,27,14
292,"2000-08-19",17,36,23,10,13,23
293,"2000-08-23",43,28,47,20,40,31
294,"2000-08-26",40,43,27,22,16,5
295,"2000-08-30",25,29,36,46,4,8
296,"2000-09-02",5,26,22,14,20,35
297,"2000-09-06",28,6,4,12,42,6
298,"2000-09-09",18,42,14,29,20,2
299,"2000-09-13",21,2,22,47,13,31
300,"2000-09-16",19,47,1,40,49,14
301,"2000-09-20",17,45,23,33,21,11
302,"2000-09-23",35,1,17,36,27,31
303,"2000-09-27",24,47,44,32,42,15
304,"2000-09-30",24,19,32,44,43,39
305,"2000-10-04",24,16,48,34,3,3
306,"2000-10-07",4,7,39,34,27,1
307,"2000-10-11",32,44,45,26,41,35
308,"2000-10-14",16,22,18,41,14,37
309,"2000-10-18",17,42,21,43,28,25
310,"2000-10-21",24,45,13,19,44,16
311,"2000-10-25",45,5,46,3,20,37
312,"2000-10-28",37,32,6,11,47,13
313,"2000-11-01",10,29,14,4,39,10
314,"2000-11-04",34,5,22,42,9,2
315,"2000-11-08",37,49,17,45,13,4
316,"2000-11-11",21,38,12,4,46,37
317,"2000-11-15",26,12,46,32,41,18
318,"2000-11-18",27,31,41,3,32,33
319,"2000-11-22",44,18,5,40,47,34
320,"2000-11-25",37,2,39,38,42,22
321,"2000-11-29",29,1,20,27,4,17
322,"2000-12-02",22,14,38,41,11,39
323,"2000-12-06",20,15,45,7,23,17
324,"2000-12-09",14,41,10,8,42,20
325,"2000-12-13",6,19,38,10,43,41
326,"2000-12-16",26,34,2,33,39,23
327,"2000-12-20",4,31,34,7,41,28
328,"2000-12-23",27,6,11,15,22,27
329,"2000-12-27",24,15,32,22,39,18
330,"2000-12-30",46,38,29,23,26,35
331,"2001-01-03",29,9,49,19,38,20
332,"2001-01-06",22,43,1,24,39,26
333,"2001-01-10",23,22,35,6,9,6
334,"2001-01-13",42,19,23,14,29,26
335,"2001-01-17",48,16,31,9,28,36
336,"2001-01-20",36,25,11,1,29,40
337,"2001-01-24",39,49,31,34,42,26
338,"2001-01-27",45,19,41,32,8,37
339,"2001-01-31",27,15,21,47,37,16
340,"2001-02-03",29,27,44,21,41,9
341,"2001-02-07",7,6,33,31,4,20
342,"2001-02-10",46,16,41,38,47,25
343,"2001-02-14",41,29,5,42,18,16
344,"2001-02-17",31,39,22,41,4,6
345,"2001-02-21",32,4,10,39,45,25
346,"2001-02-24",41,30,49,34,29,37
347,"2001-02-28",3,47,46,9,1,22
348,"2001-03-03",44,36,23,9,8,15
349,"2001-03-07",32,9,23,45,40,31
350,"2001-03-10",30,19,12,26,33,11
351,"2001-03-14",42,22,27,49,12,34
352,"2001-03-17",36,16,18,15,20,18
353,"2001-03-21",13,18,14,20,21,16
354,"2001-03-24",2,28,37,40,49,22
355,"2001-03-28",27,43,31,12,4,20
356,"2001-03-31",11,39,41,27,37,42
357,"2001-04-04",5,43,16,12,13,11
358,"2001-04-07",37,20,41,31,18,1
359,"2001-04-11",21,4,41,32,39,31
360,"2001-04-14",3,16,30,8,29,4
361,"2001-04-18",6,18,11,20,44,39
362,"2001-04-21",24,38,5,25,30,40
363,"2001-04-25",39,28,14,29,26,39
364,"2001-04-28",1,20,11,39,34,37
365,"2001-05-02",42,2,36,19,30,19
366,"2001-05-05",7,20,45,9,19,5
367,"2001-05-09",49,22,14,19,9,34
368,"2001-05-12",11,36,28,16,29,21
369,"2001-05-16",28,20,44,13,12,17
370,"2001-05-19",49,47,10,6,21,2
371,"2001-05-23",34,21,49,32,19,38
372,"2001-05-26",9,10,40,24,21,36
373,"2001-05-30",12,36,28,43,11,9
374,"2001-06-02",10,45,48,26,17,38
375,"2001-06-06",10,40,45,20,21,22
376,"2001-06-09",37,23,42,43,20,27
377,"2001-06-13",41,9,32,36,34,14
378,"2001-06-16",44,17,13,2,45,14
379,"2001-06-20",5,9,49,18,14,32
380,"2001-06-23",42,38,40,6,35,36
381,"2001-06-27",7,13,16,3,35,22
382,"2001-06-30",33,3,6,34,39,15
383,"2001-07-04",30,25,3,28,26,10
384,"2001-07-07",9,34,22,46,3,17
385,"2001-07-11",16,24,26,10,18,13
386,"2001-07-14",27,15,1,13,41,2
387,"2001-07-18",9,4,31,26,49,2
388,"2001-07-21",19,27,20,15,3,20
389,"2001-07-25",37,16,29,39,23,17
390,"2001-07-28",33,36,4,23,45,29
391,"2001-08-01",39,26,24,34,25,31
392,"2001-08-04",16,26,46,24,20,9
393,"2001-08-08",37,25,41,10,2,2
394,"2001-08-11",14,41,11,25,20,8
395,"2001-08-15",37,40,44,29,43,6
396,"2001-08-18",22,14,3,20,48,17
397,"2001-08-22",2,36,39,30,28,10
398,"2001-08-25",17,8,42,22,47,21
399,"2001-08-29",35,9,49,4,32,28
400,"2001-09-01",27,7,30,44,24,29
401,"2001-09-05",14,42,18,33,24,8
402,"2001-09-08",12,28,13,48,6,26
403,"2001-09-12",47,25,39,13,35,1
404,"2001-09-15",33,43,28,49,19,23
405,"2001-09-19",31,28,21,41,26,29
406,"2001-09-22",27,42,39,34,23,40
407,"2001-09-26",35,18,30,26,44,19
408,"2001-09-29",15,2,29,47,21,12
409,"2001-10-03",23,35,20,2,49,25
410,"2001-10-06",31,21,9,5,1,12
411,"2001-10-10",8,16,1,7,19,37
412,"2001-10-13",37,40,41,46,48,20
413,"2001-10-17",46,7,40,5,29,5
414,"2001-10-20",40,16,47,7,33,33
415,"2001-10-24",27,6,15,42,24,32
416,"2001-10-27",17,28,10,1,45,20
417,"2001-10-31",2,18,16,40,35,41
418,"2001-11-03",14,37,6,49,36,20
419,"2001-11-07",25,4,17,2,6,31
420,"2001-11-10",7,13,33,38,16,13
421,"2001-11-14",17,28,30,4,40,3
422,"2001-11-17",7,35,27,1,10,34
423,"2001-11-21",31,28,38,41,27,13
424,"2001-11-24",27,37,42,12,10,30
425,"2001-11-28",48,24,5,15,18,16
426,"2001-12-01",48,46,41,6,38,37
427,"2001-12-05",14,9,8,13,21,37
428,"2001-12-08",35,17,48,31,26,35
429,"2001-12-12",35,43,47,20,4,27
430,"2001-12-15",11,22,13,8,37,17
431,"2001-12-19",35,43,36,20,26,23
432,"2001-12-22",27,33,14,24,34,6
433,"2001-12-26",19,39,23,41,8,21
434,"2001-12-29",45,10,43,27,15,31
435,"2002-01-02",36,46,23,44,42,33
436,"2002-01-05",7,8,32,17,14,15
437,"2002-01-09",39,7,40,42,43,4
438,"2002-01-12",13,41,19,22,47,5
439,"2002-01-16",24,34,31,47,40,30
440,"2002-01-19",21,35,49,41,23,5
441,"2002-01-23",14,47,32,18,30,36
442,"2002-01-26",5,14,22,30,15,31
443,"2002-01-30",7,21,15,9,40,18
444,"2002-02-02",27,45,19,43,12,28
445,"2002-02-06",28,10,34,24,35,32
446,"2002-02-09",30,35,21,17,36,12
447,"2002-02-13",43,33,38,10,2,19
448,"2002-02-16",31,42,19,45,32,6
449,"2002-02-20",19,8,9,25,22,11
450,"2002-02-23",15,21,38,19,8,33
451,"2002-02-27",2,6,19,45,1,27
452,"2002-03-02",6,25,46,22,36,34
453,"2002-03-06",30,38,5,15,7,2
454,"2002-03-09",2,49,12,38,44,19
455,"2002-03-13",4,28,27,49,33,39
456,"2002-03-16",45,16,38,37,10,14
457,"2002-03-20",4,20,30,49,25,37
458,"2002-03-23",39,2,10,48,1,13
459,"2002-03-27",35,43,15,40,46,33
460,"2002-03-30",29,13,8,16,19,37
461,"2002-04-03",14,36,8,29,17,3
462,"2002-04-06",22,16,30,15,35,20
463,"2002-04-10",29,17,12,7,48,21
464,"2002-04-13",38,16,22,33,32,13
465,"2002-04-17",2,23,36,3,22,22
466,"2002-04-20",40,27,34,44,42,8
467,"2002-04-24",13,1,16,43,33,1
468,"2002-04-27",12,18,1,33,9,14
469,"2002-05-01",48,3,26,32,45,6
470,"2002-05-04",12,6,9,20,7,20
471,"2002-05-08",11,6,34,25,28,35
472,"2002-05-11",3,36,15,16,40,22
473,"2002-05-15",30,33,37,36,49,35
474,"2002-05-18",25,2,32,31,18,1
475,"2002-05-22",20,5,22,34,23,19
476,"2002-05-25",29,9,42,33,30,27
477,"2002-05-29",49,28,18,35,31,13
478,"2002-06-01",17,27,2,6,19,2
479,"2002-06-05",18,1,21,36,47,33
480,"2002-06-08",48,46,26,42,37,38
481,"2002-06-12",49,39,27,13,18,20
482,"2002-06-15",16,42,8,7,43,15
483,"2002-06-19",4,7,3,11,1,23
484,"2002-06-22",16,37,1,48,26,9
485,"2002-06-26",9,24,17,23,6,14
486,"2002-06-29",45,4,35,33,36,22
487,"2002-07-03",7,19,38,48,49,10
488,"2002-07-06",2,39,27,9,36,13
489,"2002-07-10",31,43,37,45,26,32
490,"2002-07-13",22,49,42,3,37,8
491,"2002-07-17",25,10,40,11,45,25
492,"2002-07-20",13,3,2,26,6,10
493,"2002-07-24",16,19,34,37,22,20
494,"2002-07-27",17,5,44,22,2,30
495,"2002-07-31",2,4,34,22,6,26
496,"2002-08-03",34,24,33,13,19,41
497,"2002-08-07",13,40,35,47,46,35
498,"2002-08-10",11,16,21,35,27,31
499,"2002-08-14",19,4,33,16,41,29
500,"2002-08-17",46,33,3,42,26,41
501,"2002-08-21",48,1,47,6,43,36
502,"2002-08-24",24,18,45,5,10,20
503,"2002-08-28",38,36,30,24,37,42
504,"2002-08-31",14,22,12,29,41,41
505,"2002-09-04",26,15,18,36,31,20
506,"2002-09-07",24,12,19,34,6,18
507,"2002-09-11",6,3,39,26,48,28
508,"2002-09-14",14,5,40,26,31,29
509,"2002-09-18",44,42,6,27,32,10
510,"2002-09-21",45,11,28,40,3,33
511,"2002-09-25",49,36,23,12,1,9
512,"2002-09-28",24,22,12,35,31,8
513,"2002-10-02",4,5,43,2,38,34
514,"2002-10-05",22,14,39,43,19,12
515,"2002-10-09",9,38,43,10,42,5
516,"2002-10-12",23,49,46,52,26,28
517,"2002-10-16",8,31,24,37,11,41
518,"2002-10-19",4,42,18,25,20,29
519,"2002-10-23",18,30,2,14,31,36
520,"2002-10-26",33,14,12,39,27,41
521,"2002-10-30",9,23,41,19,16,12
522,"2002-11-02",34,35,15,32,8,34
523,"2002-11-06",9,19,17,12,11,23
524,"2002-11-09",53,38,30,40,36,8
525,"2002-11-13",50,18,23,38,31,20
526,"2002-11-16",40,51,32,33,35,1
527,"2002-11-20",14,22,44,21,29,3
528,"2002-11-23",49,21,15,19,16,5
529,"2002-11-27",1,25,40,53,20,19
530,"2002-11-30",19,1,4,21,29,8
531,"2002-12-04",35,13,20,21,40,35
532,"2002-12-07",17,27,32,3,48,1
533,"2002-12-11",6,14,22,12,33,21
534,"2002-12-14",42,44,24,17,8,37
535,"2002-12-18",52,50,14,33,2,22
536,"2002-12-21",39,34,52,5,22,30
537,"2002-12-25",53,14,5,16,29,7
538,"2002-12-28",50,2,15,38,43,29
539,"2003-01-01",42,43,34,53,18,17
540,"2003-01-04",11,39,1,40,37,23
541,"2003-01-08",44,16,22,46,26,20
542,"2003-01-11",9,46,48,45,51,2
543,"2003-01-15",17,42,44,30,4,15
544,"2003-01-18",34,4,52,48,17,10
545,"2003-01-22",40,30,20,28,43,3
546,"2003-01-25",10,15,51,12,49,21
547,"2003-01-29",12,53,30,27,10,28
548,"2003-02-01",11,2,39,21,16,42
549,"2003-02-05",2,7,48,9,5,32
550,"2003-02-08",21,23,13,20,2,35
551,"2003-02-12",49,7,12,19,47,6
552,"2003-02-15",29,1,42,38,26,30
553,"2003-02-19",16,11,44,17,6,26
554,"2003-02-22",10,2,9,6,5,26
555,"2003-02-26",34,27,23,31,10,11
556,"2003-03-01",28,7,6,27,41,3
557,"2003-03-05",37,28,44,2,24,6
558,"2003-03-08",20,45,1,21,5,24
559,"2003-03-12",24,44,52,25,5,20
560,"2003-03-15",45,52,41,30,12,35
561,"2003-03-19",19,37,47,51,40,40
562,"2003-03-22",29,5,31,49,47,25
563,"2003-03-26",52,28,10,40,31,41
564,"2003-03-29",25,2,17,9,36,8
565,"2003-04-02",47,17,50,12,35,13
566,"2003-04-05",46,14,49,7,23,20
567,"2003-04-09",38,51,6,28,35,41
568,"2003-04-12",17,52,27,35,28,2
569,"2003-04-16",39,50,41,25,4,31
570,"2003-04-19",48,10,18,40,46,30
571,"2003-04-23",51,14,23,15,31,34
572,"2003-04-26",36,11,13,5,22,31
573,"2003-04-30",32,13,17,33,7,35
574,"2003-05-03",14,40,39,47,21,6
575,"2003-05-07",13,35,18,51,34,28
576,"2003-05-10",1,2,6,20,10,38
577,"2003-05-14",34,52,45,20,33,21
578,"2003-05-17",18,42,13,5,50,4
579,"2003-05-21",41,32,30,4,35,9
580,"2003-05-24",49,10,48,42,50,42
581,"2003-05-28",17,6,16,19,38,16
582,"2003-05-31",46,26,52,10,30,35
583,"2003-06-04",26,53,24,14,2,1
584,"2003-06-07",27,17,11,40,26,6
585,"2003-06-11",44,46,16,12,43,38
586,"2003-06-14",12,42,50,40,26,3
587,"2003-06-18",19,45,21,20,46,20
588,"2003-06-21",27,15,19,44,36,17
589,"2003-06-25",43,5,35,50,26,4
590,"2003-06-28",44,14,7,41,9,25
591,"2003-07-02",26,17,24,45,16,36
592,"2003-07-05",17,49,5,25,37,21
593,"2003-07-09",19,26,21,31,51,40
594,"2003-07-12",50,51,6,16,52,23
595,"2003-07-16",30,18,49,28,27,20
596,"2003-07-19",34,48,29,14,30,1
597,"2003-07-23",51,37,34,16,4,38
598,"2003-07-26",9,34,30,10,32,11
599,"2003-07-30",26,31,49,22,18,28
600,"2003-08-02",41,42,17,40,46,25
601,"2003-08-06",48,11,14,26,31,30
602,"2003-08-09",25,40,18,23,26,15
603,"2003-08-13",44,26,48,35,31,32
604,"2003-08-16",15,20,42,37,13,7
605,"2003-08-20",35,22,46,48,8,15
606,"2003-08-23",39,50,51,46,1,7
607,"2003-08-27",31,46,36,42,24,32
608,"2003-08-30",35,49,41,36,9,33
609,"2003-09-03",19,9,6,24,40,31
610,"2003-09-06",41,15,6,20,18,17
611,"2003-09-10",3,33,30,17,29,34
612,"2003-09-13",32,28,6,19,10,39
613,"2003-09-17",32,2,19,34,24,2
614,"2003-09-20",13,33,11,31,28,29
615,"2003-09-24",28,47,19,20,17,37
616,"2003-09-27",48,20,9,41,30,29
617,"2003-10-01",50,5,4,21,19,41
618,"2003-10-04",8,13,29,44,48,36
619,"2003-10-08",6,25,7,8,1,18
620,"2003-10-11",11,32,45,14,21,21
621,"2003-10-15",29,6,39,52,9,8
622,"2003-10-18",35,22,25,34,33,14
623,"2003-10-22",53,27,25,3,28,35
624,"2003-10-25",6,17,48,45,47,4
625,"2003-10-29",22,34,19,8,53,29
626,"2003-11-01",34,19,37,47,16,18
627,"2003-11-05",20,38,27,6,39,31
628,"2003-11-08",5,24,52,38,8,22
629,"2003-11-12",22,11,7,19,20,1
630,"2003-11-15",20,8,22,32,52,39
631,"2003-11-19",36,42,26,16,47,33
632,"2003-11-22",45,9,12,29,17,4
633,"2003-11-26",16,1,3,41,37,19
634,"2003-11-29",39,14,43,51,36,15
635,"2003-12-03",37,1,43,10,35,30
636,"2003-12-06",24,45,21,41,37,39
637,"2003-12-10",40,4,17,26,37,15
638,"2003-12-13",17,25,44,19,26,19
639,"2003-12-17",43,15,18,21,19,7
640,"2003-12-20",48,24,12,25,20,37
641,"2003-12-24",1,44,6,34,31,25
642,"2003-12-27",17,34,32,16,43,31
643,"2003-12-31",5,7,28,18,35,1
644,"2004-01-03",42,4,22,5,41,2
645,"2004-01-07",44,4,18,14,7,25
646,"2004-01-10",13,2,27,19,50,5
647,"2004-01-14",44,33,12,50,40,40
648,"2004-01-17",48,32,9,45,8,15
649,"2004-01-21",17,45,41,34,13,17
650,"2004-01-24",1,38,37,5,53,31
651,"2004-01-28",17,13,8,39,48,34
652,"2004-01-31",37,6,3,27,41,38
653,"2004-02-04",17,7,32,25,12,33
654,"2004-02-07",46,39,31,35,34,3
655,"2004-02-11",5,50,52,16,28,4
656,"2004-02-14",25,10,35,43,24,32
657,"2004-02-18",50,36,24,4,44,2
658,"2004-02-21",22,26,53,48,15,14
659,"2004-02-25",4,47,17,11,5,35
660,"2004-02-28",25,52,53,6,26,40
661,"2004-03-03",23,11,17,53,5,34
662,"2004-03-06",49,46,17,51,9,9
663,"2004-03-10",10,41,22,20,49,6
664,"2004-03-13",50,44,11,48,45,2
665,"2004-03-17",24,15,20,43,7,5
666,"2004-03-20",44,14,24,27,2,6
667,"2004-03-24",39,47,43,20,18,31
668,"2004-03-27",30,17,2,15,34,32
669,"2004-03-31",15,31,39,34,50,35
670,"2004-04-03",43,7,26,6,32,13
671,"2004-04-07",7,37,2,35,16,10
672,"2004-04-10",2,48,30,9,47,40
673,"2004-04-14",38,22,1,20,6,22
674,"2004-04-17",41,4,42,34,29,11
675,"2004-04-21",11,8,51,42,34,27
676,"2004-04-24",2,44,35,13,22,28
677,"2004-04-28",27,34,52,49,42,23
678,"2004-05-01",1,34,47,10,39,33
679,"2004-05-05",21,25,16,9,32,8
680,"2004-05-08",37,3,43,9,17,39
681,"2004-05-12",42,45,11,31,35,35
682,"2004-05-15",1,26,46,27,43,31
683,"2004-05-19",31,14,41,37,15,31
684,"2004-05-22",1,49,42,36,7,41
685,"2004-05-26",38,10,31,3,35,16
686,"2004-05-29",1,16,32,39,30,2
687,"2004-06-02",26,6,12,29,5,30
688,"2004-06-05",41,5,42,39,26,39
689,"2004-06-09",31,50,37,1,33,40
690,"2004-06-12",6,52,48,43,20,28
691,"2004-06-16",16,18,48,39,26,22
692,"2004-06-19",2,37,36,48,9,16
693,"2004-06-23",16,20,9,12,39,1
694,"2004-06-26",17,47,9,32,41,8
695,"2004-06-30",47,45,2,31,29,4
696,"2004-07-03",3,30,8,47,12,23
697,"2004-07-07",41,34,30,25,18,10
698,"2004-07-10",17,44,23,16,26,13
699,"2004-07-14",9,49,24,45,50,37
700,"2004-07-17",23,45,50,20,36,9
701,"2004-07-21",42,38,46,31,3,2
702,"2004-07-24",52,29,2,3,13,25
703,"2004-07-28",40,4,39,19,50,22
704,"2004-07-31",47,31,14,35,45,35
705,"2004-08-04",37,11,26,22,51,21
706,"2004-08-07",16,34,9,8,48,8
707,"2004-08-11",10,33,5,51,29,35
708,"2004-08-14",4,10,43,18,11,41
709,"2004-08-18",35,40,42,33,31,40
710,"2004-08-21",40,27,39,16,3,3
711,"2004-08-25",32,1,50,30,37,19
712,"2004-08-28",35,6,30,45,39,31
713,"2004-09-01",44,45,33,51,31,31
714,"2004-09-04",46,15,26,25,13,28
715,"2004-09-08",28,4,2,33,52,18
716,"2004-09-11",36,25,49,46,34,9
717,"2004-09-15",28,17,1,50,8,20
718,"2004-09-18",14,36,31,2,27,9
719,"2004-09-22",37,6,34,14,40,7
720,"2004-09-25",41,11,40,48,25,3
721,"2004-09-29",35,16,37,28,33,17
722,"2004-10-02",32,35,29,13,2,4
723,"2004-10-06",50,19,44,5,6,28
724,"2004-10-09",10,48,47,3,1,27
725,"2004-10-13",17,45,46,5,14,41
726,"2004-10-16",22,42,5,36,20,11
727,"2004-10-20",41,46,11,17,1,24
728,"2004-10-23",49,50,15,52,24,40
729,"2004-10-27",40,51,44,11,17,21
730,"2004-10-30",20,27,48,40,30,11
731,"2004-11-03",48,43,45,11,35,42
732,"2004-11-06",18,22,33,40,38,19
733,"2004-11-10",14,43,45,21,29,26
734,"2004-11-13",33,34,26,5,6,13
735,"2004-11-17",31,15,46,25,36,37
736,"2004-11-20",45,50,48,4,29,1
737,"2004-11-24",47,49,53,3,19,4
738,"2004-11-27",16,35,47,36,28,31
739,"2004-12-01",44,28,36,38,3,1
740,"2004-12-04",30,9,22,6,16,4
741,"2004-12-08",17,13,50,35,45,2
742,"2004-12-11",16,53,41,7,6,23
743,"2004-12-15",38,1,53,11,6,11
744,"2004-12-18",30,1,29,25,45,12
745,"2004-12-22",7,11,31,24,2,18
746,"2004-12-25",39,29,32,53,45,16
747,"2004-12-29",44,33,29,38,24,7
748,"2005-01-01",47,22,23,26,44,12
749,"2005-01-05",10,7,37,4,30,37
750,"2005-01-08",11,22,24,9,43,2
751,"2005-01-12",50,21,27,38,23,38
752,"2005-01-15",37,49,21,51,26,25
753,"2005-01-19",49,32,9,18,33,27
754,"2005-01-22",33,32,34,11,23,38
755,"2005-01-26",5,32,48,47,43,33
756,"2005-01-29",41,29,20,16,11,12
757,"2005-02-02",16,44,40,10,11,2
758,"2005-02-05",44,11,34,47,37,23
759,"2005-02-09",10,15,9,18,29,9
760,"2005-02-12",50,21,28,18,49,16
761,"2005-02-16",48,21,41,27,25,25
762,"2005-02-19",12,15,18,52,27,36
763,"2005-02-23",4,48,15,10,51,13
764,"2005-02-26",33,22,49,30,8,6
765,"2005-03-02",48,18,46,3,10,8
766,"2005-03-05",40,9,27,53,13,28
767,"2005-03-09",20,17,10,23,45,31
768,"2005-03-12",40,23,52,46,7,41
769,"2005-03-16",19,38,11,25,50,35
770,"2005-03-19",41,1,21,32,28,9
771,"2005-03-23",29,23,40,45,37,38
772,"2005-03-26",35,12,9,51,41,36
773,"2005-03-30",28,39,22,32,33,42
774,"2005-04-02",11,9,5,17,46,39
775,"2005-04-06",5,14,11,51,22,17
776,"2005-04-09",46,11,1,35,53,29
777,"2005-04-13",37,51,6,13,52,25
778,"2005-04-16",11,44,38,51,45,41
779,"2005-04-20",7,16,33,34,46,27
780,"2005-04-23",15,8,50,9,13,9
781,"2005-04-27",42,11,32,13,18,4
782,"2005-04-30",8,48,32,15,17,24
783,"2005-05-04",27,33,40,10,21,2
784,"2005-05-07",47,44,23,21,39,19
785,"2005-05-11",46,49,5,48,25,6
786,"2005-05-14",49,21,29,38,52,42
787,"2005-05-18",17,7,20,13,35,35
788,"2005-05-21",7,30,5,10,2,23
789,"2005-05-25",29,46,27,31,42,33
790,"2005-05-28",39,24,5,28,7,36
791,"2005-06-01",34,50,39,42,15,12
792,"2005-06-04",16,44,7,38,48,18
793,"2005-06-08",36,10,43,40,42,42
794,"2005-06-11",3,46,10,24,14,37
795,"2005-06-15",39,20,22,14,44,14
796,"2005-06-18",10,5,24,16,8,5
797,"2005-06-22",13,51,42,23,9,15
798,"2005-06-25",28,32,40,7,31,14
799,"2005-06-29",42,8,49,22,3,39
800,"2005-07-02",29,9,10,52,39,20
801,"2005-07-06",12,25,48,2,30,38
802,"2005-07-09",53,39,8,9,47,4
803,"2005-07-13",5,23,43,4,13,34
804,"2005-07-16",50,33,32,41,8,22
805,"2005-07-20",51,7,32,39,6,31
806,"2005-07-23",28,13,20,32,16,36
807,"2005-07-27",4,13,10,29,1,3
808,"2005-07-30",14,38,35,8,46,24
809,"2005-08-03",39,5,24,19,28,24
810,"2005-08-06",9,1,19,36,53,33
811,"2005-08-10",31,13,49,38,36,2
812,"2005-08-13",2,37,43,18,1,37
813,"2005-08-17",8,43,53,30,3,15
814,"2005-08-20",27,13,28,29,49,36
815,"2005-08-24",35,9,26,11,51,32
816,"2005-08-27",8,39,31,44,22,11
817,"2005-08-31",17,19,13,50,41,13
818,"2005-09-03",30,3,31,1,43,36
819,"2005-09-07",32,50,12,40,54,37
820,"2005-09-10",10,11,8,48,50,16
821,"2005-09-14",24,50,21,42,49,1
822,"2005-09-17",49,52,5,9,27,6
823,"2005-09-21",35,28,34,3,50,8
824,"2005-09-24",2,10,43,55,31,14
825,"2005-09-28",7,22,27,48,50,17
826,"2005-10-01",18,54,38,8,45,23
827,"2005-10-05",25,30,45,2,15,17
828,"2005-10-08",26,31,35,50,46,28
829,"2005-10-12",54,51,9,18,4,10
830,"2005-10-15",34,1,7,8,45,15
831,"2005-10-19",49,21,44,7,43,29
832,"2005-10-22",36,6,53,51,7,17
833,"2005-10-26",43,39,2,42,10,23
834,"2005-10-29",41,50,22,19,14,21
835,"2005-11-02",41,14,6,11,27,38
836,"2005-11-05",37,25,50,29,7,17
837,"2005-11-09",5,49,14,13,31,30
838,"2005-11-12",48,41,17,55,37,39
839,"2005-11-16",5,20,44,21,18,27
840,"2005-11-19",15,54,20,41,8,22
841,"2005-11-23",24,25,9,27,12,33
842,"2005-11-26",34,28,53,37,45,32
843,"2005-11-30",42,23,19,27,52,1
844,"2005-12-03",2,26,42,15,37,36
845,"2005-12-07",45,30,54,41,19,14
846,"2005-12-10",45,34,42,3,21,39
847,"2005-12-14",45,15,8,16,51,11
848,"2005-12-17",24,44,53,36,46,18
849,"2005-12-21",23,43,12,16,9,37
850,"2005-12-24",4,10,34,50,33,14
851,"2005-12-28",12,46,15,54,30,1
852,"2005-12-31",43,4,46,30,37,42
853,"2006-01-04",23,10,48,54,42,3
854,"2006-01-07",2,21,43,32,16,6
855,"2006-01-11",18,14,3,17,6,14
856,"2006-01-14",49,14,6,46,40,17
857,"2006-01-18",53,38,15,29,52,7
858,"2006-01-21",54,18,3,39,43,41
859,"2006-01-25",52,37,50,43,10,14
860,"2006-01-28",26,15,28,36,14,36
861,"2006-02-01",13,30,55,11,35,37
862,"2006-02-04",38,30,4,13,12,30
863,"2006-02-08",48,32,25,14,54,10
864,"2006-02-11",38,7,51,40,52,14
865,"2006-02-15",39,35,3,13,40,37
866,"2006-02-18",44,48,15,43,17,29
867,"2006-02-22",47,53,23,55,9,39
868,"2006-02-25",51,3,48,46,37,22
869,"2006-03-01",25,10,35,41,38,23
870,"2006-03-04",13,52,22,55,27,26
871,"2006-03-08",5,7,21,1,43,20
872,"2006-03-11",54,37,35,52,16,33
873,"2006-03-15",36,48,54,7,12,37
874,"2006-03-18",25,1,36,42,34,19
875,"2006-03-22",45,38,23,22,18,31
876,"2006-03-25",20,37,34,45,39,32
877,"2006-03-29",24,28,54,2,14,13
878,"2006-04-01",55,10,50,1,23,29
879,"2006-04-05",29,39,9,24,3,42
880,"2006-04-08",35,4,43,44,23,35
881,"2006-04-12",34,41,26,35,16,24
882,"2006-04-15",46,23,13,28,18,33
883,"2006-04-19",32,53,34,5,28,10
884,"2006-04-22",4,6,27,5,18,24
885,"2006-04-26",55,26,48,24,12,14
886,"2006-04-29",19,40,35,30,41,14
887,"2006-05-03",38,19,6,42,4,37
888,"2006-05-06",38,12,32,23,25,27
889,"2006-05-10",4,3,11,44,37,24
890,"2006-05-13",30,54,19,47,28,13
891,"2006-05-17",15,26,24,35,17,38
892,"2006-05-20",23,2,9,44,45,38
893,"2006-05-24",3,12,47,51,2,10
894,"2006-05-27",41,6,27,23,47,19
895,"2006-05-31",49,22,20,43,10,3
896,"2006-06-03",20,5,18,50,6,35
897,"2006-06-07",20,10,4,26,40,8
898,"2006-06-10",36,54,24,26,16,11
899,"2006-06-14",4,40,14,48,15,12
900,"2006-06-17",39,48,20,22,10,25
901,"2006-06-21",11,19,22,43,45,34
902,"2006-06-24",39,8,47,11,30,23
903,"2006-06-28",45,51,8,16,2,32
904,"2006-07-01",40,35,42,2,31,34
905,"2006-07-05",26,52,39,41,53,20
906,"2006-07-08",50,44,49,32,37,13
907,"2006-07-12",31,33,30,18,19,15
908,"2006-07-15",36,20,47,50,35,5
909,"2006-07-19",44,50,2,38,32,21
910,"2006-07-22",40,47,14,55,54,6
911,"2006-07-26",10,5,24,17,43,31
912,"2006-07-29",14,39,55,19,26,29
913,"2006-08-02",24,19,10,16,13,15
914,"2006-08-05",48,50,3,9,2,23
915,"2006-08-09",52,19,43,41,16,35
916,"2006-08-12",14,54,27,18,13,32
917,"2006-08-16",22,2,13,50,48,2
918,"2006-08-19",12,51,29,22,26,9
919,"2006-08-23",17,8,51,24,38,31
920,"2006-08-26",26,24,42,38,46,16
921,"2006-08-30",35,3,19,43,33,1
922,"2006-09-02",24,28,3,49,8,25
923,"2006-09-06",27,35,21,55,2,1
924,"2006-09-09",20,47,3,22,19,2
925,"2006-09-13",15,47,19,45,26,3
926,"2006-09-16",26,42,27,7,8,12
927,"2006-09-20",54,8,7,29,17,26
928,"2006-09-23",21,45,26,13,50,20
929,"2006-09-27",49,23,33,35,28,16
930,"2006-09-30",30,32,15,39,6,5
931,"2006-10-04",39,27,7,3,40,8
932,"2006-10-07",4,31,45,3,8,12
933,"2006-10-11",38,10,35,5,12,9
934,"2006-10-14",26,15,1,17,40,19
935,"2006-10-18",41,2,24,34,48,24
936,"2006-10-21",45,55,29,9,31,7
937,"2006-10-25",16,40,43,48,42,1
938,"2006-10-28",38,22,41,30,14,12
939,"2006-11-01",46,54,13,7,8,35
940,"2006-11-04",44,13,34,12,39,5
941,"2006-11-08",12,53,8,11,26,4
942,"2006-11-11",40,49,38,35,55,41
943,"2006-11-15",11,28,43,30,34,29
944,"2006-11-18",42,36,19,1,8,20
945,"2006-11-22",22,49,32,36,55,8
946,"2006-11-25",55,49,28,5,18,38
947,"2006-11-29",2,9,12,8,19,25
948,"2006-12-02",42,34,50,45,17,11
949,"2006-12-06",38,36,35,7,34,14
950,"2006-12-09",52,22,19,34,30,40
951,"2006-12-13",33,32,19,54,42,15
952,"2006-12-16",28,17,36,5,51,5
953,"2006-12-20",6,26,14,1,34,34
954,"2006-12-23",27,43,53,8,52,5
955,"2006-12-27",14,29,16,27,41,29
956,"2006-12-30",31,28,23,9,36,26
957,"2007-01-03",12,55,24,35,10,31
958,"2007-01-06",24,40,1,50,49,38
959,"2007-01-10",45,54,42,53,36,36
960,"2007-01-13",21,1,26,23,25,4
961,"2007-01-17",52,35,16,49,50,31
962,"2007-01-20",1,38,5,26,32,30
963,"2007-01-24",53,29,9,42,19,17
964,"2007-01-27",10,26,19,32,27,14
965,"2007-01-31",48,42,2,25,15,14
966,"2007-02-03",13,20,33,42,12,37
967,"2007-02-07",22,4,28,37,52,10
968,"2007-02-10",41,11,16,42,2,16
969,"2007-02-14",3,30,26,54,55,15
970,"2007-02-17",35,1,15,37,45,32
971,"2007-02-21",8,2,29,22,37,3
972,"2007-02-24",42,55,38,54,36,24
973,"2007-02-28",41,20,13,42,53,2
974,"2007-03-03",16,22,5,1,48,6
975,"2007-03-07",18,16,46,19,13,36
976,"2007-03-10",42,18,43,34,14,32
977,"2007-03-14",44,4,27,30,39,18
978,"2007-03-17",17,47,44,7,54,3
979,"2007-03-21",53,38,24,54,16,5
980,"2007-03-24",53,38,40,10,48,3
981,"2007-03-28",47,6,35,20,37,1
982,"2007-03-31",36,5,2,16,40,36
983,"2007-04-04",39,19,53,30,40,16
984,"2007-04-07",28,55,54,2,31,23
985,"2007-04-11",42,51,6,38,15,18
986,"2007-04-14",12,49,21,36,38,18
987,"2007-04-18",13,10,24,12,6,19
988,"2007-04-21",45,26,28,22,33,17
989,"2007-04-25",14,12,13,17,53,11
990,"2007-04-28",16,43,46,49,22,10
991,"2007-05-02",40,1,8,47,35,9
992,"2007-05-05",29,21,13,40,50,6
993,"2007-05-09",44,2,52,30,13,40
994,"2007-05-12",30,51,53,44,46,25
995,"2007-05-16",42,7,16,6,34,23
996,"2007-05-19",26,19,45,21,3,2
997,"2007-05-23",38,24,3,11,36,6
998,"2007-05-26",21,5,46,1,51,29
999,"2007-05-30",55,7,54,23,35,28
1000,"2007-06-02",2,36,22,32,47,36
1001,"2007-06-06",45,14,48,5,9,28
1002,"2007-06-09",10,7,32,25,41,22
1003,"2007-06-13",47,28,13,30,10,26
1004,"2007-06-16",8,47,4,51,32,27
1005,"2007-06-20",32,31,55,37,23,35
1006,"2007-06-23",27,43,14,15,53,28
1007,"2007-06-27",9,13,11,24,43,18
1008,"2007-06-30",38,39,47,24,46,26
1009,"2007-07-04",17,49,15,1,2,35
1010,"2007-07-07",47,21,41,15,27,20
1011,"2007-07-11",43,42,20,29,8,35
1012,"2007-07-14",1,36,30,34,21,37
1013,"2007-07-18",9,42,14,40,3,3
1014,"2007-07-21",46,39,30,14,43,14
1015,"2007-07-25",28,35,47,40,53,30
1016,"2007-07-28",19,24,47,27,15,11
1017,"2007-08-01",16,52,9,23,51,12
1018,"2007-08-04",27,24,2,36,23,3
1019,"2007-08-08",52,21,9,16,30,9
1020,"2007-08-11",37,1,11,10,40,20
1021,"2007-08-15",19,51,24,22,38,9
1022,"2007-08-18",15,12,31,28,50,12
1023,"2007-08-22",12,37,48,40,50,37
1024,"2007-08-25",23,29,35,8,2,19
1025,"2007-08-29",33,47,13,16,44,29
1026,"2007-09-01",19,39,23,37,12,13
1027,"2007-09-05",48,30,21,20,11,18
1028,"2007-09-08",12,30,7,48,28,40
1029,"2007-09-12",47,5,24,26,33,1
1030,"2007-09-15",51,48,16,13,27,21
1031,"2007-09-19",26,25,20,46,45,15
1032,"2007-09-22",4,9,18,55,43,3
1033,"2007-09-26",27,54,25,31,44,8
1034,"2007-09-29",38,55,33,31,49,39
1035,"2007-10-03",2,4,15,28,14,23
1036,"2007-10-06",33,32,51,8,30,2
1037,"2007-10-10",31,54,33,16,12,5
1038,"2007-10-13",21,34,36,30,49,42
1039,"2007-10-17",46,15,42,19,14,37
1040,"2007-10-20",40,10,11,37,54,10
1041,"2007-10-24",10,52,11,49,18,2
1042,"2007-10-27",13,25,30,40,43,12
1043,"2007-10-31",29,18,6,37,16,24
1044,"2007-11-03",1,38,40,53,31,42
1045,"2007-11-07",46,22,35,52,29,2
1046,"2007-11-10",6,26,30,24,22,12
1047,"2007-11-14",16,30,20,18,48,6
1048,"2007-11-17",53,52,49,27,17,23
1049,"2007-11-21",13,11,20,3,40,20
1050,"2007-11-24",7,1,23,35,13,19
1051,"2007-11-28",23,39,8,32,37,38
1052,"2007-12-01",41,32,39,55,7,13
1053,"2007-12-05",8,55,21,15,1,41
1054,"2007-12-08",31,8,29,25,4,41
1055,"2007-12-12",7,40,55,33,14,15
1056,"2007-12-15",47,22,37,48,50,17
1057,"2007-12-19",22,15,42,18,23,37
1058,"2007-12-22",34,10,38,5,11,21
1059,"2007-12-26",55,32,8,54,41,20
1060,"2007-12-29",8,12,49,17,35,18
1061,"2008-01-02",31,34,48,11,2,5
1062,"2008-01-05",33,11,16,4,40,9
1063,"2008-01-09",2,20,13,23,21,24
1064,"2008-01-12",47,53,43,23,39,14
1065,"2008-01-16",9,18,47,38,19,11
1066,"2008-01-19",28,20,23,25,27,2
1067,"2008-01-23",48,47,35,4,16,39
1068,"2008-01-26",39,53,35,11,54,24
1069,"2008-01-30",55,2,17,41,54,17
1070,"2008-02-02",14,44,25,26,16,30
1071,"2008-02-06",3,43,5,42,12,5
1072,"2008-02-09",24,4,23,43,30,28
1073,"2008-02-13",32,13,38,51,19,30
1074,"2008-02-16",3,49,4,20,8,18
1075,"2008-02-20",20,9,36,22,12,31
1076,"2008-02-23",23,29,8,13,47,32
1077,"2008-02-27",37,48,53,20,24,11
1078,"2008-03-01",31,21,19,2,55,19
1079,"2008-03-05",10,15,23,16,31,5
1080,"2008-03-08",29,49,17,34,31,16
1081,"2008-03-12",30,12,34,19,36,8
1082,"2008-03-15",6,42,43,47,22,16
1083,"2008-03-19",29,6,8,49,41,42
1084,"2008-03-22",48,46,28,25,7,19
1085,"2008-03-26",20,37,49,9,12,17
1086,"2008-03-29",18,36,31,25,20,7
1087,"2008-04-02",37,1,55,44,34,33
1088,"2008-04-05",30,47,27,12,37,26
1089,"2008-04-09",46,13,32,3,19,18
1090,"2008-04-12",52,11,55,48,29,36
1091,"2008-04-16",21,18,11,16,51,16
1092,"2008-04-19",24,13,19,39,33,8
1093,"2008-04-23",22,39,21,20,11,1
1094,"2008-04-26",27,45,7,12,17,24
1095,"2008-04-30",25,51,43,17,1,38
1096,"2008-05-03",28,2,36,46,42,40
1097,"2008-05-07",42,26,25,28,9,26
1098,"2008-05-10",30,7,18,45,41,6
1099,"2008-05-14",46,29,21,32,19,32
1100,"2008-05-17",12,21,14,15,43,30
1101,"2008-05-21",21,33,42,7,16,25
1102,"2008-05-24",40,33,51,52,41,6
1103,"2008-05-28",18,45,22,10,37,9
1104,"2008-05-31",9,17,3,14,25,8
1105,"2008-06-04",18,5,52,40,20,3
1106,"2008-06-07",26,44,34,12,48,9
1107,"2008-06-11",7,49,18,28,21,1
1108,"2008-06-14",50,31,9,20,11,14
1109,"2008-06-18",52,9,31,39,12,32
1110,"2008-06-21",8,7,50,31,9,31
1111,"2008-06-25",53,45,14,21,25,9
1112,"2008-06-28",26,32,14,34,44,6
1113,"2008-07-02",46,33,52,48,4,17
1114,"2008-07-05",24,47,34,1,48,18
1115,"2008-07-09",5,31,7,49,53,14
1116,"2008-07-12",20,50,12,2,22,17
1117,"2008-07-16",3,23,15,42,29,17
1118,"2008-07-19",55,46,53,6,28,2
1119,"2008-07-23",52,11,14,35,41,2
1120,"2008-07-26",51,55,21,12,13,18
1121,"2008-07-30",25,55,3,51,45,13
1122,"2008-08-02",5,28,33,2,54,30
1123,"2008-08-06",24,37,5,36,51,19
1124,"2008-08-09",53,40,32,49,43,21
1125,"2008-08-13",31,10,5,23,19,26
1126,"2008-08-16",5,43,34,52,40,20
1127,"2008-08-20",15,24,47,35,16,26
1128,"2008-08-23",47,33,18,48,24,23
1129,"2008-08-27",13,49,31,48,36,11
1130,"2008-08-30",14,32,47,2,15,36
1131,"2008-09-03",49,38,40,46,50,34
1132,"2008-09-06",26,54,49,25,17,11
1133,"2008-09-10",37,28,15,53,14,18
1134,"2008-09-13",29,17,7,51,43,38
1135,"2008-09-17",12,26,32,23,44,20
1136,"2008-09-20",47,30,40,28,6,24
1137,"2008-09-24",32,36,13,21,5,33
1138,"2008-09-27",40,24,13,29,52,29
1139,"2008-10-01",43,39,8,9,55,26
1140,"2008-10-04",39,4,32,1,26,18
1141,"2008-10-08",48,12,54,17,2,2
1142,"2008-10-11",39,3,17,47,7,9
1143,"2008-10-15",3,13,38,32,48,13
1144,"2008-10-18",40,10,14,32,49,15
1145,"2008-10-22",17,52,10,33,51,5
1146,"2008-10-25",48,1,3,38,14,2
1147,"2008-10-29",37,50,20,30,52,33
1148,"2008-11-01",40,4,41,6,26,15
1149,"2008-11-05",18,33,36,4,8,32
1150,"2008-11-08",40,36,4,21,2,41
1151,"2008-11-12",18,45,25,1,29,2
1152,"2008-11-15",7,44,8,12,3,37
1153,"2008-11-19",8,45,13,39,38,31
1154,"2008-11-22",19,32,26,45,17,14
1155,"2008-11-26",11,31,52,26,34,14
1156,"2008-11-29",5,55,33,39,36,21
1157,"2008-12-03",17,21,25,16,55,3
1158,"2008-12-06",53,9,39,43,35,10
1159,"2008-12-10",37,6,41,24,15,37
1160,"2008-12-13",40,14,28,26,31,13
1161,"2008-12-17",11,7,30,24,18,26
1162,"2008-12-20",3,19,32,54,14,24
1163,"2008-12-24",17,2,32,22,41,8
1164,"2008-12-27",12,43,15,31,26,10
1165,"2008-12-31",11,53,8,7,17,36
1166,"2009-01-03",38,22,55,24,17,24
1167,"2009-01-07",31,52,23,33,38,24
1168,"2009-01-10",8,56,10,18,43,9
1169,"2009-01-14",46,34,25,8,39,34
1170,"2009-01-17",9,5,59,23,2,26
1171,"2009-01-21",26,20,54,46,38,23
1172,"2009-01-24",6,37,42,20,25,25
1173,"2009-01-28",10,32,18,5,23,4
1174,"2009-01-31",33,26,14,41,1,37
1175,"2009-02-04",24,44,30,32,7,18
1176,"2009-02-07",18,53,5,28,20,27
1177,"2009-02-11",5,22,45,49,10,37
1178,"2009-02-14",33,8,45,9,2,5
1179,"2009-02-18",44,15,56,39,2,15
1180,"2009-02-21",31,46,13,45,41,21
1181,"2009-02-25",32,49,42,56,17,11
1182,"2009-02-28",3,58,16,20,42,7
1183,"2009-03-04",6,1,44,55,49,36
1184,"2009-03-07",59,27,56,28,21,21
1185,"2009-03-11",13,7,47,3,34,30
1186,"2009-03-14",7,44,33,30,51,10
1187,"2009-03-18",16,29,26,45,41,1
1188,"2009-03-21",49,27,23,52,19,21
1189,"2009-03-25",23,47,10,20,54,26
1190,"2009-03-28",48,2,16,41,3,19
1191,"2009-04-01",2,33,41,54,9,14
1192,"2009-04-04",21,57,58,14,50,7
1193,"2009-04-08",52,56,1,6,48,9
1194,"2009-04-11",46,49,7,35,28,20
1195,"2009-04-15",59,22,26,16,27,5
1196,"2009-04-18",7,28,44,43,15,20
1197,"2009-04-22",30,15,48,22,37,12
1198,"2009-04-25",52,42,30,8,26,15
1199,"2009-04-29",6,36,50,19,59,13
1200,"2009-05-02",45,20,38,42,3,27
1201,"2009-05-06",12,7,22,31,8,18
1202,"2009-05-09",49,32,4,15,58,21
1203,"2009-05-13",30,40,37,32,19,37
1204,"2009-05-16",6,7,40,56,31,38
1205,"2009-05-20",23,30,42,35,31,6
1206,"2009-05-23",52,19,57,34,23,21
1207,"2009-05-27",5,16,6,21,12,7
1208,"2009-05-30",51,42,1,59,23,20
1209,"2009-06-03",22,20,32,16,37,9
1210,"2009-06-06",45,10,23,30,18,2
1211,"2009-06-10",26,42,58,27,15,37
1212,"2009-06-13",20,41,13,35,16,6
1213,"2009-06-17",53,9,37,5,42,27
1214,"2009-06-20",28,22,3,11,18,33
1215,"2009-06-24",53,24,51,16,18,16
1216,"2009-06-27",48,39,26,18,22,17
1217,"2009-07-01",38,53,9,52,32,15
1218,"2009-07-04",22,4,41,44,9,14
1219,"2009-07-08",50,56,42,53,19,39
1220,"2009-07-11",39,1,4,42,20,2
1221,"2009-07-15",26,50,57,52,51,37
1222,"2009-07-18",21,26,47,4,28,37
1223,"2009-07-22",6,22,4,16,32,11
1224,"2009-07-25",33,5,52,46,17,9
1225,"2009-07-29",38,2,43,5,59,8
1226,"2009-08-01",53,37,46,39,5,8
1227,"2009-08-05",34,25,41,49,46,29
1228,"2009-08-08",45,37,50,33,4,11
1229,"2009-08-12",32,10,25,47,34,5
1230,"2009-08-15",14,26,32,15,36,12
1231,"2009-08-19",43,14,31,51,24,27
1232,"2009-08-22",6,51,3,20,32,23
1233,"2009-08-26",43,23,1,21,30,11
1234,"2009-08-29",1,53,20,37,52,33
1235,"2009-09-02",23,47,36,18,59,36
1236,"2009-09-05",35,27,16,9,57,29
1237,"2009-09-09",16,18,51,53,4,23
1238,"2009-09-12",13,28,56,41,38,25
1239,"2009-09-16",17,56,37,40,51,25
1240,"2009-09-19",25,24,49,30,5,23
1241,"2009-09-23",7,8,29,20,25,11
1242,"2009-09-26",34,20,36,39,18,19
1243,"2009-09-30",52,54,41,42,57,30
1244,"2009-10-03",50,57,24,12,48,22
1245,"2009-10-07",2,50,38,21,20,22
1246,"2009-10-10",45,49,50,13,32,30
1247,"2009-10-14",15,30,5,40,25,6
1248,"2009-10-17",16,5,49,30,25,39
1249,"2009-10-21",34,51,45,6,16,4
1250,"2009-10-24",38,22,59,49,14,16
1251,"2009-10-28",51,46,26,3,11,23
1252,"2009-10-31",19,26,54,41,2,23
1253,"2009-11-04",51,10,45,11,14,17
1254,"2009-11-07",32,37,46,50,7,26
1255,"2009-11-11",12,8,22,29,14,22
1256,"2009-11-14",57,30,19,48,32,14
1257,"2009-11-18",58,59,32,50,42,31
1258,"2009-11-21",26,36,7,49,58,4
1259,"2009-11-25",18,13,4,59,49,5
1260,"2009-11-28",46,50,27,28,26,21
1261,"2009-12-02",37,46,14,34,55,37
1262,"2009-12-05",41,58,27,39,44,17
1263,"2009-12-09",58,12,5,1,13,21
1264,"2009-12-12",14,41,12,13,35,29
1265,"2009-12-16",23,43,25,35,13,15
1266,"2009-12-19",24,41,17,47,39,21
1267,"2009-12-23",52,8,49,51,32,23
1268,"2009-12-26",53,41,36,32,37,30
1269,"2009-12-30",5,52,14,38,39,6
1270,"2010-01-02",23,3,7,42,27,37
1271,"2010-01-06",56,27,29,20,58,31
1272,"2010-01-09",41,44,20,54,50,22
1273,"2010-01-13",32,15,8,11,50,27
1274,"2010-01-16",41,8,7,55,23,23
1275,"2010-01-20",46,15,43,44,32,19
1276,"2010-01-23",53,16,15,42,20,17
1277,"2010-01-27",15,26,31,6,20,9
1278,"2010-01-30",26,35,48,47,6,21
1279,"2010-02-03",37,52,22,36,17,24
1280,"2010-02-06",22,54,52,14,59,4
1281,"2010-02-10",29,8,37,38,5,34
1282,"2010-02-13",14,10,40,51,30,1
1283,"2010-02-17",36,7,26,8,19,15
1284,"2010-02-20",13,54,41,37,27,32
1285,"2010-02-24",50,17,57,35,4,12
1286,"2010-02-27",47,18,58,53,51,30
1287,"2010-03-03",14,49,9,7,45,23
1288,"2010-03-06",41,33,10,59,29,15
1289,"2010-03-10",41,37,17,50,21,1
1290,"2010-03-13",16,36,20,6,31,8
1291,"2010-03-17",55,26,48,45,24,8
1292,"2010-03-20",9,36,44,45,39,9
1293,"2010-03-24",14,49,39,24,20,7
1294,"2010-03-27",21,7,32,52,44,10
1295,"2010-03-31",13,45,54,5,17,12
1296,"2010-04-03",15,59,52,10,31,4
1297,"2010-04-07",36,52,44,4,40,33
1298,"2010-04-10",21,22,52,49,58,34
1299,"2010-04-14",14,6,32,52,38,20
1300,"2010-04-17",22,41,49,21,5,15
1301,"2010-04-21",11,34,55,41,49,20
1302,"2010-04-24",57,56,1,53,12,5
1303,"2010-04-28",28,44,12,22,25,24
1304,"2010-05-01",23,25,16,49,58,20
1305,"2010-05-05",47,13,34,40,57,11
1306,"2010-05-08",41,5,57,34,22,31
1307,"2010-05-12",52,58,53,37,51,38
1308,"2010-05-15",28,15,36,23,21,20
1309,"2010-05-19",7,58,55,29,2,27
1310,"2010-05-22",20,19,47,57,40,29
1311,"2010-05-26",6,20,10,1,13,32
1312,"2010-05-29",24,3,28,1,41,10
1313,"2010-06-02",39,14,43,9,4,38
1314,"2010-06-05",18,34,40,59,48,25
1315,"2010-06-09",22,49,27,14,32,5
1316,"2010-06-12",38,13,12,9,35,30
1317,"2010-06-16",29,18,11,36,8,6
1318,"2010-06-19",54,31,9,30,50,39
1319,"2010-06-23",48,11,45,30,47,10
1320,"2010-06-26",57,30,13,38,32,25
1321,"2010-06-30",38,43,6,48,47,27
1322,"2010-07-03",52,53,3,14,10,3
1323,"2010-07-07",10,41,44,56,48,4
1324,"2010-07-10",28,21,20,56,27,4
1325,"2010-07-14",21,23,38,20,42,6
1326,"2010-07-17",27,37,22,45,35,3
1327,"2010-07-21",16,58,22,30,51,25
1328,"2010-07-24",59,30,46,38,20,27
1329,"2010-07-28",1,11,20,27,25,2
1330,"2010-07-31",1,57,16,41,17,15
1331,"2010-08-04",53,30,19,37,28,36
1332,"2010-08-07",52,26,31,22,4,30
1333,"2010-08-11",22,52,10,23,7,29
1334,"2010-08-14",58,50,36,9,33,31
1335,"2010-08-18",47,4,33,32,55,39
1336,"2010-08-21",7,22,10,27,12,26
1337,"2010-08-25",17,36,29,16,31,23
1338,"2010-08-28",32,56,4,27,22,13
1339,"2010-09-01",40,20,21,17,51,19
1340,"2010-09-04",33,22,42,14,11,38
1341,"2010-09-08",10,57,51,35,39,20
1342,"2010-09-11",36,20,59,17,7,33
1343,"2010-09-15",7,20,21,34,43,34
1344,"2010-09-18",18,44,1,39,37,13
1345,"2010-09-22",10,36,52,24,55,15
1346,"2010-09-25",8,35,27,16,42,30
1347,"2010-09-29",52,13,55,44,51,30
1348,"2010-10-02",30,12,36,20,47,25
1349,"2010-10-06",26,41,14,37,46,24
1350,"2010-10-09",42,32,49,6,2,35
1351,"2010-10-13",46,34,32,22,12,2
1352,"2010-10-16",28,16,12,11,15,11
1353,"2010-10-20",20,39,7,17,59,17
1354,"2010-10-23",20,2,46,7,16,34
1355,"2010-10-27",25,24,20,59,53,15
1356,"2010-10-30",49,7,27,1,36,39
1357,"2010-11-03",34,45,38,39,50,33
1358,"2010-11-06",7,12,23,34,38,33
1359,"2010-11-10",5,8,44,40,11,10
1360,"2010-11-13",30,51,17,48,54,29
1361,"2010-11-17",14,59,54,53,16,5
1362,"2010-11-20",12,10,38,53,57,1
1363,"2010-11-24",20,8,21,37,32,4
1364,"2010-11-27",47,37,30,54,10,39
1365,"2010-12-01",10,5,12,11,20,2
1366,"2010-12-04",27,24,42,31,13,22
1367,"2010-12-08",25,8,11,58,41,16
1368,"2010-12-11",1,8,19,10,20,23
1369,"2010-12-15",32,18,45,10,11,18
1370,"2010-12-18",43,19,4,11,33,14
1371,"2010-12-22",33,11,44,47,46,12
1372,"2010-12-25",52,50,1,38,17,24
1373,"2010-12-29",18,37,20,16,3,30
1374,"2011-01-01",18,22,37,47,54,36
1375,"2011-01-05",22,26,32,38,40,7
1376,"2011-01-08",6,7,26,33,52,24
1377,"2011-01-12",19,21,23,40,48,27
1378,"2011-01-15",9,13,22,23,37,31
1379,"2011-01-19",22,36,51,56,59,32
1380,"2011-01-22",30,31,34,45,51,23
1381,"2011-01-26",4,5,36,47,58,6
1382,"2011-01-29",24,28,45,49,52,2
1383,"2011-02-02",3,14,33,53,57,36
1384,"2011-02-05",15,37,41,56,59,5
1385,"2011-02-09",7,11,39,42,51,30
1386,"2011-02-12",11,32,36,48,52,19
1387,"2011-02-16",9,13,21,23,48,24
1388,"2011-02-19",3,12,34,37,42,36
1389,"2011-02-23",29,32,36,39,49,29
1390,"2011-02-26",4,13,17,21,45,10
1391,"2011-03-02",7,31,50,51,58,6
1392,"2011-03-05",2,23,31,42,48,21
1393,"2011-03-09",12,20,28,40,48,8
1394,"2011-03-12",1,4,12,41,47,3
1395,"2011-03-16",28,39,40,48,53,9
1396,"2011-03-19",3,11,20,27,46,8
1397,"2011-03-23",5,15,26,28,32,9
1398,"2011-03-26",4,10,11,19,33,27
1399,"2011-03-30",19,20,42,56,58,37
1400,"2011-04-02",6,22,34,43,45,23
1401,"2011-04-06",10,18,41,55,56,15
1402,"2011-04-09",5,14,32,53,56,11
1403,"2011-04-13",4,23,39,49,50,39
1404,"2011-04-16",21,33,44,45,55,7
1405,"2011-04-20",9,24,34,36,43,27
1406,"2011-04-23",3,11,47,48,58,19
1407,"2011-04-27",4,24,40,44,55,5
1408,"2011-04-30",6,13,15,32,41,3
1409,"2011-05-04",3,15,27,29,41,24
1410,"2011-05-07",2,11,27,47,55,15
1411,"2011-05-11",9,17,32,43,45,31
1412,"2011-05-14",8,17,18,40,44,16
1413,"2011-05-18",7,12,13,42,49,16
1414,"2011-05-21",2,8,40,49,50,36
1415,"2011-05-25",4,23,31,42,50,23
1416,"2011-05-28",12,20,43,51,55,11
1417,"2011-06-01",8,18,38,46,56,31
1418,"2011-06-04",17,19,39,41,58,21
1419,"2011-06-08",14,37,44,45,53,29
1420,"2012-03-10",5,14,17,20,41,5
1421,"2012-03-14",1,8,41,46,59,24
1422,"2012-03-17",11,14,49,55,58,30
1423,"2012-03-21",32,43,53,55,56,6
1424,"2012-03-24",1,15,35,37,47,8
1425,"2012-03-28",11,16,29,50,58,33
1426,"2012-03-31",5,14,36,54,58,27
1427,"2012-04-04",1,24,33,45,49,6
1428,"2012-04-07",5,13,17,20,30,18
1429,"2012-04-11",16,23,42,44,47,2
1430,"2012-04-14",14,15,16,19,24,2
1431,"2012-04-18",20,22,39,46,49,29
1432,"2012-04-21",6,8,20,42,51,16
1433,"2012-04-25",4,25,29,34,43,29
1434,"2012-04-28",31,39,40,57,58,33
1435,"2012-05-02",7,8,33,38,50,29
1436,"2012-05-05",9,12,20,44,59,23
1437,"2012-05-09",1,7,11,55,56,1
1438,"2012-05-12",10,24,35,53,58,22
1439,"2012-05-16",3,7,21,28,43,2
1440,"2012-05-19",8,13,35,46,51,30
1441,"2012-05-23",4,7,26,53,59,32
1442,"2012-05-26",13,14,41,49,59,14
1443,"2012-05-30",9,10,24,52,56,14
1444,"2012-06-02",9,10,17,29,45,33
1445,"2012-06-06",19,30,33,48,59,27
1446,"2012-06-09",18,22,45,56,57,27
1447,"2012-06-13",7,10,14,33,57,18
1448,"2012-06-16",8,14,15,16,27,26
1449,"2012-06-20",11,17,29,56,57,14
1450,"2012-06-23",1,3,41,44,53,30
1451,"2012-06-27",6,34,40,46,58,6
1452,"2012-06-30",7,15,20,41,44,22
1453,"2012-07-04",14,19,35,39,56,33
1454,"2012-07-07",3,5,29,39,59,29
1455,"2012-07-11",5,22,36,49,55,23
1456,"2012-07-14",4,16,32,37,46,13
1457,"2012-07-18",2,5,20,23,57,3
1458,"2012-07-21",9,31,38,54,56,20
1459,"2012-07-25",3,14,35,38,46,16
1460,"2012-07-28",5,6,13,36,50,13
1461,"2012-08-01",3,16,48,56,58,4
1462,"2012-08-04",19,30,48,53,55,18
1463,"2012-08-08",3,7,11,15,28,12
1464,"2012-08-11",4,13,39,46,51,1
1465,"2012-08-15",6,27,46,51,56,21
1466,"2012-08-18",14,26,41,55,59,1
1467,"2012-08-22",22,29,31,47,55,19
1468,"2012-08-25",1,6,7,20,49,23
1469,"2012-08-29",25,28,49,54,56,28
1470,"2012-09-01",8,11,21,44,49,22
1471,"2012-09-05",4,19,26,42,51,29
1472,"2012-09-08",6,20,34,44,48,29
1473,"2012-09-12",24,33,36,48,56,6
1474,"2012-09-15",3,20,26,43,48,1
1475,"2012-09-19",1,5,8,39,50,23
1476,"2012-09-22",2,16,18,40,42,33
1477,"2012-09-26",13,26,39,41,42,10
1478,"2012-09-29",14,18,28,29,57,8
1479,"2012-10-03",17,23,36,55,59,10
1480,"2012-10-06",15,26,34,36,59,35
1481,"2012-10-10",18,26,29,35,43,28
1482,"2012-10-13",2,5,25,26,49,18
1483,"2012-10-17",1,7,10,23,42,35
1484,"2012-10-20",4,21,28,31,44,10
1485,"2012-10-24",3,18,21,23,50,4
1486,"2012-10-27",22,32,34,36,56,33
1487,"2012-10-31",1,27,31,45,48,5
1488,"2012-11-03",4,7,9,30,54,25
1489,"2012-11-07",32,34,45,52,58,20
1490,"2012-11-10",32,42,50,54,55,32
1491,"2012-11-14",8,10,30,44,58,13
1492,"2012-11-17",3,15,27,58,59,20
1493,"2012-11-21",8,18,24,30,39,26
1494,"2012-11-24",22,32,37,44,50,34
1495,"2012-11-28",5,16,22,23,29,6
1496,"2012-12-01",3,10,19,36,46,3
1497,"2012-12-05",13,17,19,27,38,12
1498,"2012-12-08",7,23,26,40,53,21
1499,"2012-12-12",8,10,25,36,44,28
1500,"2012-12-15",15,23,40,44,55,14
1501,"2012-12-19",5,8,20,23,30,3
1502,"2012-12-22",1,18,35,39,44,11
1503,"2012-12-26",11,13,23,43,54,4
1504,"2012-12-29",36,46,50,52,55,14
1505,"2013-01-02",18,20,28,35,53,20
1506,"2013-01-05",26,30,49,51,54,25
1507,"2013-01-09",11,13,20,27,59,26
1508,"2013-01-12",10,14,21,23,47,7
1509,"2013-01-16",9,21,28,32,51,35
1510,"2013-01-19",8,28,29,34,38,35
1511,"2013-01-23",11,12,24,43,45,9
1512,"2013-01-26",3,22,26,41,49,18
1513,"2013-01-30",14,16,32,47,52,16
1514,"2013-02-02",11,16,33,40,41,34
1515,"2013-02-06",5,27,36,38,41,12
1516,"2013-02-09",5,6,16,36,58,3
1517,"2013-02-13",12,23,25,27,43,29
1518,"2013-02-16",15,16,46,50,58,29
1519,"2013-02-20",3,17,19,25,32,17
1520,"2013-02-23",2,5,31,39,41,29
1521,"2013-02-27",3,14,20,34,48,21
1522,"2013-03-02",3,8,13,41,56,16
1523,"2013-03-06",6,10,23,41,45,1
1524,"2013-03-09",10,37,40,46,52,12
1525,"2013-03-13",5,9,28,32,38,29
1526,"2013-03-16",3,7,21,44,53,16
1527,"2013-03-20",13,14,17,43,54,15
1528,"2013-03-23",17,29,31,52,53,31
1529,"2013-03-27",7,37,43,48,52,16
1530,"2013-03-30",11,23,26,46,55,27
1531,"2013-04-03",1,6,8,12,35,3
1532,"2013-04-06",4,7,8,29,39,24
1533,"2013-04-10",1,36,40,52,53,20
1534,"2013-04-13",10,12,31,56,57,33
1535,"2013-04-17",13,18,36,48,58,28
1536,"2013-04-20",6,8,30,39,48,20
1537,"2013-04-24",9,19,31,56,59,2
1538,"2013-04-27",3,23,48,54,55,5
1539,"2013-05-01",22,26,31,54,55,18
1540,"2013-05-04",7,12,26,36,40,17
1541,"2013-05-08",21,22,26,30,57,27
1542,"2013-05-11",6,13,19,23,43,16
1543,"2013-05-15",2,11,26,34,41,32
1544,"2013-05-18",10,13,14,22,52,11
1545,"2013-05-22",9,31,35,41,57,26
1546,"2013-05-25",2,6,19,21,27,25
1547,"2013-05-29",9,14,17,49,57,2
1548,"2013-06-01",22,28,33,53,59,14
1549,"2013-06-05",4,26,33,36,55,32
1550,"2013-06-08",2,11,22,26,32,19
1551,"2013-06-12",16,22,23,42,55,32
1552,"2013-06-15",28,36,40,48,55,1
1553,"2013-06-19",7,46,47,52,57,17
1554,"2013-06-22",13,19,23,33,57,28
1555,"2013-06-26",1,18,33,39,46,33
1556,"2013-06-29",8,28,30,53,56,16
1557,"2013-07-03",3,6,29,40,51,4
1558,"2013-07-06",2,13,35,36,52,11
1559,"2013-07-10",30,31,45,55,59,27
1560,"2013-07-13",2,8,22,35,37,6
1561,"2013-07-17",1,22,34,38,42,17
1562,"2013-07-20",14,25,27,38,58,6
1563,"2013-07-24",9,29,40,44,54,7
1564,"2013-07-27",9,23,40,53,58,6
1565,"2013-07-31",8,24,39,49,59,5
1566,"2013-08-03",21,24,36,42,45,15
1567,"2013-08-07",5,25,30,58,59,32
1568,"2013-08-10",4,12,14,37,58,13
1569,"2013-08-14",4,11,17,43,51,20
1570,"2013-08-17",18,21,46,54,56,23
1571,"2013-08-21",30,40,42,46,48,23
1572,"2013-08-24",12,17,25,45,59,19
1573,"2013-08-28",6,7,9,19,32,13
1574,"2013-08-31",2,7,25,40,56,20
1575,"2013-09-04",2,9,26,45,47,11
1576,"2013-09-07",2,19,22,26,45,24
1577,"2013-09-11",11,19,33,42,52,33
1578,"2013-09-14",1,17,25,37,44,20
1579,"2013-09-18",7,10,22,32,35,19
1580,"2013-09-21",12,17,45,54,58,13
1581,"2013-09-25",2,7,17,49,53,23
1582,"2013-09-28",14,47,52,53,54,5
1583,"2013-10-02",4,6,25,42,51,17
1584,"2013-10-05",11,12,17,39,40,5
1585,"2013-10-09",3,9,19,33,38,18
1586,"2013-10-12",8,10,26,57,58,4
1587,"2013-10-16",3,26,28,34,42,28
1588,"2013-10-19",9,33,54,56,57,5
1589,"2013-10-23",3,23,31,34,47,13
1590,"2013-10-26",4,6,34,49,56,29
1591,"2013-10-30",2,36,40,49,54,10
1592,"2013-11-02",13,23,24,27,40,17
1593,"2013-11-06",1,5,10,15,49,22
1594,"2013-11-09",3,9,37,49,56,32
1595,"2013-11-13",5,31,50,55,56,9
1596,"2013-11-16",10,29,37,44,59,10
1597,"2013-11-20",4,18,23,32,45,7
1598,"2013-11-23",5,12,43,52,55,10
1599,"2013-11-27",18,25,50,55,57,17
1600,"2013-11-30",5,26,44,45,57,29
1601,"2013-12-04",6,9,11,31,44,25
1602,"2013-12-07",13,20,32,45,48,17
1603,"2013-12-11",1,10,13,18,19,27
1604,"2013-12-14",14,25,32,33,41,34
1605,"2013-12-18",7,24,37,39,40,1
1606,"2013-12-21",25,36,40,45,51,8
1607,"2013-12-25",23,28,38,39,56,32
1608,"2013-12-28",8,35,44,51,56,18
1609,"2014-01-01",15,24,40,48,52,23
1610,"2014-01-04",19,20,37,41,58,14
1611,"2014-01-08",10,28,39,47,58,22
1612,"2014-01-11",10,15,33,48,54,34
1613,"2014-01-15",7,8,9,24,29,25
1614,"2014-01-18",13,14,19,31,38,25
1615,"2014-01-22",1,2,7,9,55,29
1616,"2014-01-25",8,12,18,55,57,2
1617,"2014-01-29",11,23,28,32,47,20
1618,"2014-02-01",5,12,15,27,38,7
1619,"2014-02-05",8,17,32,57,59,24
1620,"2014-02-08",24,25,34,37,54,29
1621,"2014-02-12",36,44,49,52,57,1
1622,"2014-02-15",2,9,14,21,23,3
1623,"2014-02-19",1,17,35,49,54,34
1624,"2014-02-22",2,3,13,14,54,4
1625,"2014-02-26",11,12,17,38,42,2
1626,"2014-03-01",3,8,25,30,47,13
1627,"2014-03-05",3,7,9,26,54,19
1628,"2014-03-08",10,14,24,32,41,30
1629,"2014-03-12",14,15,28,37,54,10
1630,"2014-03-15",2,5,34,51,58,9
1631,"2014-03-19",2,19,23,34,43,14
1632,"2014-03-22",13,28,31,55,58,15
1633,"2014-03-26",28,33,41,44,59,21
1634,"2014-03-29",2,3,12,27,38,17
1635,"2014-04-02",8,13,19,22,53,24
1636,"2014-04-05",11,21,26,33,34,29
1637,"2014-04-09",9,14,44,48,49,29
1638,"2014-04-12",14,26,45,54,55,20
1639,"2014-04-16",34,39,42,44,59,8
1640,"2014-04-19",5,6,29,35,51,21
1641,"2014-04-23",19,25,29,36,48,12
1642,"2014-04-26",3,7,22,30,33,20
1643,"2014-04-30",2,9,11,19,50,32
1644,"2014-05-03",5,15,16,46,49,26
1645,"2014-05-07",17,29,31,48,49,34
1646,"2014-05-10",4,31,41,47,55,1
1647,"2014-05-14",7,33,39,52,55,33
1648,"2014-05-17",23,32,39,47,49,22
1649,"2014-05-21",4,20,34,39,58,31
1650,"2014-05-24",15,16,28,49,55,18
1651,"2014-05-28",2,24,28,32,59,25
1652,"2014-05-31",15,27,31,34,48,1
1653,"2014-06-04",1,7,10,22,49,24
1654,"2014-06-07",28,30,35,58,59,15
1655,"2014-06-11",14,18,25,33,49,23
1656,"2014-06-14",9,33,42,45,54,30
1657,"2014-06-18",6,9,29,52,59,7
1658,"2014-06-21",5,6,37,41,54,26
1659,"2014-06-25",10,20,25,50,53,35
1660,"2014-07-02",8,18,45,53,58,35
1661,"2014-07-05",24,34,36,57,58,11
1662,"2014-07-09",9,25,42,55,57,14
1663,"2014-07-12",2,3,7,23,51,26
1664,"2014-07-16",5,15,18,26,32,35
1665,"2014-07-19",10,17,25,45,53,9
1666,"2014-07-23",4,10,12,22,31,3
1667,"2014-07-26",24,28,30,38,39,16
1668,"2014-07-30",13,30,42,49,53,29
1669,"2014-08-02",12,26,44,46,47,29
1670,"2014-08-06",1,8,24,28,49,24
1671,"2014-08-09",3,12,31,34,51,24
1672,"2014-08-13",8,37,39,40,52,24
1673,"2014-08-16",7,8,17,48,59,9
1674,"2014-08-20",4,8,21,38,40,3
1675,"2014-08-23",28,32,35,36,52,31
1676,"2014-08-27",17,24,26,45,46,19
1677,"2014-08-30",5,28,31,52,59,27
1678,"2014-09-03",2,16,43,45,51,35
1679,"2014-09-06",9,29,31,43,50,18
1680,"2014-09-10",2,14,39,40,43,13
1681,"2014-09-13",1,6,16,37,53,27
1682,"2014-09-17",18,25,36,48,50,23
1683,"2014-09-20",22,23,30,37,39,16
1684,"2014-09-24",7,14,21,24,41,26
1685,"2014-09-27",2,11,35,52,54,13
1686,"2014-10-01",1,4,18,20,45,7
1687,"2014-10-04",13,18,24,25,33,31
1688,"2014-10-08",5,16,31,46,50,18
1689,"2014-10-11",10,19,37,38,39,28
1690,"2014-10-15",5,7,19,27,28,20
1691,"2014-10-18",20,26,27,36,54,19
1692,"2014-10-22",29,30,40,42,50,16
1693,"2014-10-25",6,10,51,54,57,12
1694,"2014-10-29",25,28,48,57,59,16
1695,"2014-11-01",1,3,13,25,38,17
1696,"2014-11-05",2,11,19,21,42,34
1697,"2014-11-08",9,19,33,38,54,15
1698,"2014-11-12",37,39,51,52,55,11
1699,"2014-11-15",13,16,33,35,51,28
1700,"2014-11-19",6,36,38,48,51,17
1701,"2014-11-22",23,49,53,54,57,35
1702,"2014-11-26",16,17,22,46,54,35
1703,"2014-11-29",13,24,30,42,48,27
1704,"2014-12-03",25,30,32,46,54,26
1705,"2014-12-06",12,15,22,43,49,14
1706,"2014-12-10",34,44,48,54,55,10
1707,"2014-12-13",5,13,28,43,55,33
1708,"2014-12-17",22,31,38,47,48,15
1709,"2014-12-20",14,15,19,31,56,5
1710,"2014-12-24",11,12,46,47,50,22
1711,"2014-12-27",7,10,11,14,36,15
1712,"2014-12-31",17,27,37,40,53,35
1713,"2015-01-03",4,18,43,46,55,25
1714,"2015-01-07",14,15,47,49,59,10
1715,"2015-01-10",2,9,19,28,29,19
1716,"2015-01-14",2,4,10,41,53,22
1717,"2015-01-17",15,16,23,27,36,9
1718,"2015-01-21",11,12,15,28,57,23
1719,"2015-01-24",16,19,20,29,33,10
1720,"2015-01-28",12,24,35,36,49,1
1721,"2015-01-31",5,11,16,26,50,34
1722,"2015-02-04",24,36,51,52,56,22
1723,"2015-02-07",5,10,21,34,58,33
1724,"2015-02-11",11,13,25,39,54,19
1725,"2015-02-14",1,24,44,45,51,28
1726,"2015-02-18",1,9,29,32,49,22
1727,"2015-02-21",10,14,18,34,51,26
1728,"2015-02-25",17,19,21,32,39,8
1729,"2015-02-28",11,17,25,28,46,12
1730,"2015-03-04",8,12,15,35,50,32
1731,"2015-03-07",34,36,38,42,50,33
1732,"2015-03-11",11,24,31,40,44,27
1733,"2015-03-14",8,14,39,46,47,18
1734,"2015-03-18",14,25,30,33,47,8
1735,"2015-03-21",11,16,30,38,42,7
1736,"2015-03-25",7,19,23,50,54,14
1737,"2015-03-28",2,4,6,12,38,17
1738,"2015-04-01",2,30,33,39,44,1
1739,"2015-04-04",33,39,40,41,54,28
1740,"2015-04-08",1,19,45,46,58,29
1741,"2015-04-11",1,12,32,42,58,12
1742,"2015-04-15",1,16,21,29,40,30
1743,"2015-04-18",13,22,23,29,31,17
1744,"2015-04-22",10,14,25,39,53,18
1745,"2015-04-25",21,33,35,38,45,12
1746,"2015-04-29",1,26,34,38,51,6
1747,"2015-05-02",2,6,11,30,31,33
1748,"2015-05-06",23,24,27,39,41,30
1749,"2015-05-09",4,15,17,35,58,17
1750,"2015-05-13",1,25,29,31,47,7
1751,"2015-05-16",24,29,38,48,52,32
1752,"2015-05-20",1,12,28,35,44,25
1753,"2015-05-23",9,15,17,31,43,16
1754,"2015-05-27",8,15,34,53,59,23
1755,"2015-05-30",8,9,25,56,57,22
1756,"2015-06-03",6,8,13,37,40,11
1757,"2015-06-06",8,13,18,27,43,15
1758,"2015-06-10",31,32,48,49,53,25
1759,"2015-06-13",29,41,48,52,54,29
1760,"2015-06-17",20,21,22,41,54,7
1761,"2015-06-20",9,10,16,20,57,15
1762,"2015-06-24",3,5,10,22,32,7
1763,"2015-06-27",18,28,35,46,49,27
1764,"2015-07-01",7,24,26,31,41,25
1765,"2015-07-04",3,6,14,18,24,21
1766,"2015-07-08",4,15,25,27,30,18
1767,"2015-07-11",11,39,46,52,54,3
1768,"2015-07-15",13,16,34,45,50,11
1769,"2015-07-18",6,37,39,45,55,33
1770,"2015-07-22",12,31,43,44,57,11
1771,"2015-07-25",27,29,34,41,44,2
1772,"2015-07-29",4,22,27,28,52,35
1773,"2015-08-01",7,13,24,49,57,15
1774,"2015-08-05",9,11,14,16,42,19
1775,"2015-08-08",9,34,48,52,54,15
1776,"2015-08-12",8,13,29,38,52,28
1777,"2015-08-15",3,13,17,42,52,24
1778,"2015-08-19",6,8,43,48,50,7
1779,"2015-08-22",4,12,14,21,55,7
1780,"2015-08-26",2,22,32,45,56,12
1781,"2015-08-29",18,21,25,28,29,16
1782,"2015-09-02",17,22,30,46,56,16
1783,"2015-09-05",10,16,18,29,45,19
1784,"2015-09-09",44,45,47,50,51,8
1785,"2015-09-12",2,3,13,16,35,27
1786,"2015-09-16",5,7,24,31,39,7
1787,"2015-09-19",12,17,26,43,48,24
1788,"2015-09-23",8,29,41,51,58,5
1789,"2015-09-26",23,31,42,50,57,5
1790,"2015-09-30",21,39,40,55,59,17
1791,"2015-10-03",6,26,33,44,46,4
1792,"2015-10-07",18,30,40,48,52,9
1793,"2015-10-10",12,27,29,43,68,1
1794,"2015-10-14",15,20,29,31,40,1
1795,"2015-10-17",48,49,57,62,69,19
1796,"2015-10-21",30,32,42,56,57,11
1797,"2015-10-24",20,31,56,60,64,2
1798,"2015-10-28",4,54,56,62,63,10
1799,"2015-10-31",9,20,25,47,68,7
1800,"2015-11-04",2,12,17,20,65,17
1801,"2015-11-07",7,16,25,50,53,15
1802,"2015-11-11",4,26,32,55,64,18
1803,"2015-11-14",14,22,37,45,66,5
1804,"2015-11-18",17,40,41,46,69,6
1805,"2015-11-21",37,47,50,52,57,21
1806,"2015-11-25",16,29,53,58,69,21
1807,"2015-11-28",2,6,47,66,67,2
1808,"2015-12-02",14,18,19,32,64,9
1809,"2015-12-05",13,27,33,47,68,13
1810,"2015-12-09",7,10,16,46,56,1
1811,"2015-12-12",2,14,19,30,62,22
1812,"2015-12-16",9,10,32,42,55,6
1813,"2015-12-19",28,30,41,59,68,10
1814,"2015-12-23",16,38,55,63,67,25
1815,"2015-12-26",27,40,44,59,65,20
1816,"2015-12-30",12,36,38,54,61,22
1817,"2016-01-02",5,6,15,29,42,10
1818,"2016-01-06",2,11,47,62,63,17
1819,"2016-01-09",16,19,32,34,57,13
1820,"2016-01-13",4,8,19,27,34,10
1821,"2016-01-16",3,51,52,61,64,6
1822,"2016-01-20",5,39,44,47,69,24
1823,"2016-01-23",22,32,34,40,69,19
1824,"2016-01-27",3,12,40,52,67,21
1825,"2016-01-30",5,12,16,31,43,18
1826,"2016-02-03",26,28,31,60,67,23
1827,"2016-02-06",4,13,31,36,52,8
1828,"2016-02-10",2,3,40,50,62,5
1829,"2016-02-13",7,15,18,19,36,20
1830,"2016-02-17",7,17,27,29,40,25
1831,"2016-02-20",11,12,15,16,54,25
1832,"2016-02-24",21,31,64,65,67,5
1833,"2016-02-27",10,11,21,22,53,18
1834,"2016-03-02",12,13,44,52,62,6
1835,"2016-03-05",3,27,34,59,69,19
1836,"2016-03-09",14,23,32,34,68,3
1837,"2016-03-12",11,28,50,57,62,23
1838,"2016-03-16",10,12,13,46,50,21
1839,"2016-03-19",11,23,43,54,60,3
1840,"2016-03-23",5,8,15,22,49,25
1841,"2016-03-26",11,23,42,52,68,6
1842,"2016-03-30",24,44,53,55,63,19
1843,"2016-04-02",9,28,30,40,61,3
1844,"2016-04-06",4,28,49,60,65,25
1845,"2016-04-09",14,22,23,41,61,9
1846,"2016-04-13",30,33,35,38,64,22
1847,"2016-04-16",3,18,25,32,51,3
1848,"2016-04-20",12,25,30,52,62,8
1849,"2016-04-23",19,35,46,59,62,13
1850,"2016-04-27",2,25,33,39,64,17
1851,"2016-04-30",3,12,16,32,34,14
1852,"2016-05-04",30,47,57,66,69,3
1853,"2016-05-07",5,25,26,44,66,9
1854,"2016-05-11",20,32,52,66,69,23
1855,"2016-05-14",13,27,47,64,65,9
1856,"2016-05-18",23,25,39,54,67,11
1857,"2016-05-21",5,7,9,23,32,26
1858,"2016-05-25",11,24,41,59,64,15
1859,"2016-05-28",6,33,34,58,59,12
1860,"2016-06-01",23,30,33,40,69,12
1861,"2016-06-04",16,20,22,43,64,17
1862,"2016-06-08",12,25,37,60,69,20
1863,"2016-06-11",20,27,36,41,58,7
1864,"2016-06-15",4,22,24,31,33,10
1865,"2016-06-18",2,23,41,53,63,11
1866,"2016-06-22",14,40,42,43,52,17
1867,"2016-06-25",3,27,36,56,69,25
1868,"2016-06-29",23,29,37,60,64,6
1869,"2016-07-02",10,34,39,59,63,4
1870,"2016-07-06",2,24,31,57,66,18
1871,"2016-07-09",10,28,32,61,64,12
1872,"2016-07-13",3,15,29,54,57,10
1873,"2016-07-16",11,17,40,50,62,26
1874,"2016-07-20",6,25,35,58,66,5
1875,"2016-07-23",5,7,23,35,39,11
1876,"2016-07-27",10,47,50,65,68,24
1877,"2016-07-30",11,17,21,23,32,5
1878,"2016-08-03",9,11,27,66,67,2
1879,"2016-08-06",20,33,36,47,52,12
1880,"2016-08-10",23,56,61,64,67,12
1881,"2016-08-13",38,44,60,64,69,6
1882,"2016-08-17",33,44,49,50,52,8
1883,"2016-08-20",3,6,21,60,68,24
1884,"2016-08-24",9,11,25,64,65,16
1885,"2016-08-27",4,32,48,49,63,20
1886,"2016-08-31",5,10,24,56,61,12
1887,"2016-09-03",7,39,50,59,67,25
1888,"2016-09-07",22,23,29,33,55,21
1889,"2016-09-10",3,17,49,55,68,8
1890,"2016-09-14",10,11,23,28,31,14
1891,"2016-09-17",9,19,51,55,62,14
1892,"2016-09-21",1,28,63,67,69,17
1893,"2016-09-24",7,15,20,29,41,22
1894,"2016-09-28",30,38,52,53,62,1
1895,"2016-10-01",2,12,50,61,64,1
1896,"2016-10-05",8,18,27,29,60,15
1897,"2016-10-08",3,54,61,64,68,9
1898,"2016-10-12",16,30,34,37,44,16
1899,"2016-10-15",23,49,57,64,67,20
1900,"2016-10-19",10,16,38,43,63,23
1901,"2016-10-22",1,28,33,55,56,22
1902,"2016-10-26",2,3,16,48,56,24
1903,"2016-10-29",19,20,21,42,48,23
1904,"2016-11-02",13,18,37,54,61,5
1905,"2016-11-05",21,31,50,51,69,8
1906,"2016-11-09",1,25,28,31,54,2
1907,"2016-11-12",8,17,20,27,52,24
1908,"2016-11-16",28,41,61,63,65,7
1909,"2016-11-19",16,24,28,43,61,21
1910,"2016-11-23",7,32,41,47,61,3
1911,"2016-11-26",17,19,21,37,44,16
1912,"2016-11-30",3,14,18,25,45,7
1913,"2016-12-03",8,10,26,27,33,22
1914,"2016-12-07",41,48,49,53,64,20
1915,"2016-12-10",12,21,32,44,66,15
1916,"2016-12-14",18,26,37,39,66,15
1917,"2016-12-17",1,8,16,40,48,10
1918,"2016-12-21",25,33,40,54,68,3
1919,"2016-12-24",28,38,42,51,52,21
1920,"2016-12-28",16,23,30,44,58,4
1921,"2016-12-31",1,3,28,57,67,9
1922,"2017-01-04",16,17,29,41,42,4
1923,"2017-01-07",3,12,24,37,63,10
1924,"2017-01-11",1,3,13,16,43,24
1925,"2017-01-14",23,55,59,64,69,13
1926,"2017-01-18",9,40,41,53,58,12
1927,"2017-01-21",23,25,45,52,67,2
1928,"2017-01-25",18,28,62,66,68,22
1929,"2017-01-28",12,20,39,49,69,17
1930,"2017-02-01",9,43,57,60,64,10
1931,"2017-02-04",6,13,16,17,52,25
1932,"2017-02-08",14,20,42,49,66,5
1933,"2017-02-11",5,9,17,37,64,2
1934,"2017-02-15",5,28,33,38,42,19
1935,"2017-02-18",3,7,9,31,33,20
1936,"2017-02-22",10,13,28,52,61,2
1937,"2017-02-25",6,32,47,62,65,19
1938,"2017-03-01",10,16,40,52,55,17
1939,"2017-03-01",10,16,40,52,55,17
1940,"2017-03-04",2,18,19,22,63,19
1941,"2017-03-08",23,33,42,46,59,4
1942,"2017-03-11",1,26,41,50,57,11
1943,"2017-03-15",16,30,41,48,53,16
1944,"2017-03-18",13,25,44,54,67,5
1945,"2017-03-22",2,9,27,29,42,9
1946,"2017-03-25",18,31,32,45,48,16
1947,"2017-03-29",8,15,31,36,62,11
1948,"2017-04-01",9,32,36,44,65,1
1949,"2017-04-05",8,20,46,53,54,13
1950,"2017-04-08",23,36,51,53,60,15
1951,"2017-04-12",8,14,61,63,68,24
1952,"2017-04-15",5,22,26,45,61,13
1953,"2017-04-19",1,19,37,40,52,15
1954,"2017-04-22",21,39,41,48,63,6
1955,"2017-04-26",1,15,18,26,51,26
1956,"2017-04-29",22,23,24,45,62,5
1957,"2017-05-03",17,18,49,59,66,9
1958,"2017-05-06",11,21,31,41,59,21
1959,"2017-05-10",29,31,46,56,62,8
1960,"2017-05-13",17,20,32,63,68,19
1961,"2017-05-17",4,11,39,45,48,9
1962,"2017-05-20",5,22,45,47,54,3
1963,"2017-05-24",28,32,33,38,62,15
1964,"2017-05-27",5,10,28,55,67,9
1965,"2017-05-31",4,33,39,46,60,6
1966,"2017-06-03",3,9,21,41,54,25
1967,"2017-06-07",5,21,57,66,69,13
1968,"2017-06-14",5,22,43,57,63,24
1969,"2017-06-17",10,13,32,53,62,21
1970,"2017-06-21",14,46,61,65,68,13
1971,"2017-06-24",10,22,32,36,58,10
1972,"2017-06-28",29,37,46,53,68,8
1973,"2017-07-01",19,42,45,48,53,16
1974,"2017-07-05",4,9,16,54,68,21
1975,"2017-07-08",8,10,29,40,59,26
1976,"2017-07-12",1,2,18,23,61,9
1977,"2017-07-15",9,40,63,64,66,17
1978,"2017-07-19",50,51,59,61,63,4
1979,"2017-07-22",5,32,44,53,60,9
1980,"2017-07-26",7,19,21,42,69,12
1981,"2017-07-29",1,28,40,45,48,12
1982,"2017-08-02",1,16,54,63,69,18
1983,"2017-08-05",11,21,28,33,45,11
1984,"2017-08-09",12,30,36,47,62,9
1985,"2017-08-12",20,24,26,35,49,19
1986,"2017-08-16",9,15,43,60,64,4
1987,"2017-08-19",17,19,39,43,68,13
1988,"2017-08-23",6,7,16,23,26,4
1989,"2017-08-26",7,15,32,38,66,15
1990,"2017-08-30",19,28,43,67,69,7
1991,"2017-09-02",6,21,41,52,62,26
1992,"2017-09-06",8,14,32,58,67,17
1993,"2017-09-09",6,20,29,57,59,22
1994,"2017-09-13",17,24,35,57,63,19
1995,"2017-09-16",17,18,24,25,31,24
1996,"2017-09-20",39,48,53,67,68,26
1997,"2017-09-23",24,45,55,56,57,19
1998,"2017-09-27",8,10,21,23,25,22
1999,"2017-09-30",8,12,25,41,64,15
2000,"2017-10-04",22,23,62,63,66,24
2001,"2017-10-07",10,49,61,63,65,7
2002,"2017-10-11",1,3,13,19,69,23
2003,"2017-10-14",32,37,56,66,69,11
2004,"2017-10-18",30,49,54,66,69,8
2005,"2017-10-21",14,41,42,45,69,4
2006,"2017-10-25",18,22,29,54,57,8
2007,"2017-10-28",27,35,38,57,66,10
2008,"2017-11-01",3,6,19,26,44,1
2009,"2017-11-04",12,14,26,48,51,13
2010,"2017-11-08",12,14,20,21,34,22
2011,"2017-11-11",4,6,16,30,56,18
2012,"2017-11-15",23,32,44,48,50,25
2013,"2017-11-18",17,28,31,32,39,26
2014,"2017-11-22",35,37,46,51,61,13
2015,"2017-11-25",8,13,27,53,54,4
2016,"2017-11-29",24,26,28,59,63,16
2017,"2017-12-02",28,30,32,36,58,6
2018,"2017-12-06",19,20,50,55,62,9
2019,"2017-12-09",25,36,37,55,60,6
2020,"2017-12-13",2,24,28,51,58,7
2021,"2017-12-16",9,35,37,50,63,11
2022,"2017-12-20",1,20,61,64,69,20
2023,"2017-12-23",1,3,13,15,44,25
2024,"2017-12-27",3,9,16,56,60,3
2025,"2017-12-30",28,36,41,51,58,24
2026,"2018-01-03",2,18,37,39,42,12
2027,"2018-01-06",12,61,30,29,33,26
2028,"2018-01-10",7,24,33,49,50,4
2029,"2018-01-13",14,25,35,58,69,24
2030,"2018-01-17",3,33,37,51,57,21
2031,"2018-01-20",26,28,47,49,58,3
2032,"2018-01-24",5,9,11,33,64,21
2033,"2018-01-27",17,21,26,47,54,7
2034,"2018-01-31",4,7,14,46,59,22
2035,"2018-02-03",15,23,27,48,53,6
2036,"2018-02-07",23,34,35,40,47,10
2037,"2018-02-10",1,13,27,41,59,20
2038,"2018-02-14",37,39,44,46,69,26
2039,"2018-02-17",13,26,39,44,62,2
2040,"2018-02-21",7,15,31,34,36,8
2041,"2018-02-24",24,25,38,62,63,6
2042,"2018-02-28",12,30,59,65,69,16
2043,"2018-03-03",13,17,25,36,40,5
2044,"2018-03-07",6,13,19,36,51,18
2045,"2018-03-10",43,44,54,61,69,22
2046,"2018-03-14",6,12,24,41,68,9
2047,"2018-03-17",22,57,59,60,66,7
2048,"2018-03-21",3,4,18,29,61,25
2049,"2018-03-24",10,33,45,53,56,24
2050,"2018-03-28",6,8,26,52,53,21
2051,"2018-03-31",8,24,52,55,61,21
2052,"2018-04-04",8,24,42,54,64,24
2053,"2018-04-07",2,17,20,38,39,20
2054,"2018-04-11",16,18,27,55,67,18
2055,"2018-04-14",17,19,26,61,62,15
2056,"2018-04-18",9,10,12,17,23,9
2057,"2018-04-21",40,50,54,62,69,19
2058,"2018-04-25",17,18,39,56,64,12
2059,"2018-04-28",20,22,28,45,50,8
2060,"2018-05-02",5,14,31,40,50,6
2061,"2018-05-05",14,29,36,57,61,17
2062,"2018-05-09",11,16,38,50,69,19
2063,"2018-05-12",22,42,45,55,56,14
2064,"2018-05-16",17,19,21,22,51,19
2065,"2018-05-19",3,6,9,17,56,25
2066,"2018-05-23",20,54,56,61,64,7
2067,"2018-05-26",1,21,31,45,49,21
2068,"2018-05-30",17,23,26,46,68,20
2069,"2018-06-02",23,25,37,44,64,7
2070,"2018-06-06",23,28,41,53,56,14
2071,"2018-06-09",6,10,15,25,36,14
2072,"2018-06-13",13,20,38,45,55,1
2073,"2018-06-16",9,45,57,58,65,9
2074,"2018-06-20",4,14,23,27,56,13
2075,"2018-06-23",16,29,43,45,56,25
2076,"2018-06-27",7,28,37,62,63,15
2077,"2018-06-30",3,9,20,42,61,24
2078,"2018-07-04",4,7,15,41,44,10
2079,"2018-07-07",1,10,43,45,64,22
2080,"2018-07-11",19,21,27,46,47,7
2081,"2018-07-14",22,41,42,49,67,11
2082,"2018-07-18",1,10,27,28,36,12
2083,"2018-07-21",9,23,56,58,68,1
2084,"2018-07-25",2,18,41,44,64,26
2085,"2018-07-28",22,27,46,56,65,13
2086,"2018-08-01",5,22,32,38,58,26
2087,"2018-08-04",3,11,38,44,58,2
2088,"2018-08-08",10,21,30,43,63,17
2089,"2018-08-11",5,43,56,62,68,24
2090,"2018-08-15",12,15,28,47,48,16
2091,"2018-08-18",24,34,52,61,67,16
2092,"2018-08-22",1,7,45,47,69,13
2093,"2018-08-25",20,25,54,57,63,8
2094,"2018-08-29",25,41,53,57,67,12
2095,"2018-09-01",11,54,55,61,66,9
2096,"2018-09-05",6,15,50,59,60,13
2097,"2018-09-08",3,13,20,32,33,21
2098,"2018-09-12",6,28,48,63,64,24
2099,"2018-09-15",2,18,19,24,34,3
2100,"2018-09-19",4,39,48,50,51,11
2101,"2018-09-22",24,61,63,64,69,18
2102,"2018-09-26",1,2,7,30,50,8
2103,"2018-09-29",9,17,34,59,64,22
2104,"2018-10-03",41,53,59,63,66,3
2105,"2018-10-06",1,22,27,53,67,15
2106,"2018-10-10",8,23,27,42,60,7
2107,"2018-10-13",11,14,32,43,65,15
2108,"2018-10-17",3,57,64,68,69,15
2109,"2018-10-20",16,54,57,62,69,23
2110,"2018-10-24",3,21,45,53,56,22
2111,"2018-10-27",8,12,13,19,27,4
2112,"2018-10-31",7,25,39,40,47,20
2113,"2018-11-03",15,21,24,32,65,11
2114,"2018-11-07",26,28,34,42,50,25
2115,"2018-11-10",5,29,34,53,57,24
2116,"2018-11-14",7,42,49,62,69,23
2117,"2018-11-17",6,8,20,52,68,5
2118,"2018-11-21",7,14,23,38,55,18
2119,"2018-11-24",11,33,51,56,58,18
2120,"2018-11-28",4,19,59,68,69,21
2121,"2018-12-01",10,11,47,55,58,26
2122,"2018-12-05",9,11,36,37,38,11
2123,"2018-12-08",14,32,34,46,61,10
2124,"2018-12-12",4,9,21,29,64,26
2125,"2018-12-15",8,38,43,52,55,17
2126,"2018-12-22",21,28,30,40,59,26
2127,"2018-12-19",15,29,31,37,43,16
2128,"2018-12-26",5,25,38,52,67,24
2129,"2018-12-29",12,42,51,53,62,25
2130,"2019-01-02",8,12,42,46,56,12
2131,"2019-01-05",3,7,15,27,69,19
2132,"2019-01-09",6,19,37,49,59,22
2133,"2019-01-12",7,36,48,57,58,24
2134,"2019-01-16",14,29,31,56,61,1
2135,"2019-01-19",5,8,41,65,66,20
2136,"2019-01-23",23,25,47,48,50,24
2137,"2019-01-26",8,12,20,21,32,10
2138,"2019-01-30",2,12,16,29,54,6
2139,"2019-02-02",10,17,18,43,65,13
2140,"2019-02-06",5,13,28,38,63,21
2141,"2019-02-09",1,2,3,7,39,25
2142,"2019-02-13",2,8,14,24,69,26
2143,"2019-02-16",29,30,41,48,64,1
2144,"2019-02-20",27,49,50,51,52,2
2145,"2019-02-23",4,6,14,20,32,13
2146,"2019-02-27",21,31,42,49,59,23
2147,"2019-03-02",1,19,25,27,68,21
2148,"2019-03-06",6,10,21,35,46,23
2149,"2019-03-09",5,6,45,55,59,14
2150,"2019-03-13",18,36,45,47,69,14
2151,"2019-03-16",30,34,39,53,67,11
2152,"2019-03-20",10,14,50,53,63,21
2153,"2019-03-23",24,25,52,60,66,5
2154,"2019-03-27",16,20,37,44,62,12
2155,"2019-03-30",21,52,54,64,68,4
2156,"2019-04-03",16,19,25,32,49,18
2157,"2019-04-06",15,33,43,59,60,8
2158,"2019-04-10",12,21,23,39,67,6
2159,"2019-04-13",4,17,26,32,49,10
2160,"2019-04-17",1,15,17,46,66,15
2161,"2019-04-20",3,27,30,63,65,1
2162,"2019-04-24",6,32,35,36,65,4
2163,"2019-04-27",2,29,41,45,62,6
2164,"2019-05-01",5,23,28,56,66,17
2165,"2019-05-04",6,16,23,30,61,2
2166,"2019-05-08",1,45,53,64,66,3
2167,"2019-05-11",6,8,9,37,40,26
2168,"2019-05-15",7,17,33,61,68,4
2169,"2019-05-18",2,10,25,66,67,26
2170,"2019-05-22",7,10,20,44,57,3
2171,"2019-05-25",1,2,39,43,66,2
2172,"2019-05-29",3,32,34,42,61,7
2173,"2019-06-01",6,15,34,45,52,8
2174,"2019-06-05",17,23,28,34,38,8
2175,"2019-06-08",9,13,42,48,60,18
2176,"2019-06-12",5,35,38,42,57,13
2177,"2019-06-15",8,11,14,16,49,14
2178,"2019-06-19",4,18,21,26,38,1
2179,"2019-06-22",3,6,11,14,66,21
2180,"2019-06-26",1,5,16,22,54,24
2181,"2019-06-29",13,17,24,59,62,8
2182,"2019-07-03",40,43,45,50,61,25
2183,"2019-07-06",4,8,23,46,65,1
2184,"2019-07-10",7,9,26,44,68,3
2185,"2019-07-13",13,23,32,35,68,21
2186,"2019-07-17",19,43,47,60,68,10
2187,"2019-07-20",5,26,36,64,69,19
2188,"2019-07-24",22,29,35,53,56,13
2189,"2019-07-27",1,19,31,48,61,6
2190,"2019-07-31",14,37,47,55,67,6
2191,"2019-08-03",3,6,45,66,68,13
2192,"2019-08-07",8,32,47,53,59,3
2193,"2019-08-10",35,41,44,58,59,3
2194,"2019-08-14",10,13,30,51,69,10
2195,"2019-08-17",18,21,24,30,60,20
2196,"2019-08-21",12,21,22,29,32,21
2197,"2019-08-24",5,12,20,21,47,1
2198,"2019-08-28",9,32,37,41,56,14
2199,"2019-08-31",14,41,50,56,57,18
2200,"2019-09-04",4,8,30,52,59,2
2201,"2019-09-07",11,20,41,42,56,6
2202,"2019-09-11",6,17,24,53,57,3
2203,"2019-09-14",11,27,31,36,67,11
2204,"2019-09-18",14,19,39,47,51,15
2205,"2019-09-21",1,9,22,36,68,22
2206,"2019-09-25",37,43,44,45,53,25
2207,"2019-09-28",15,23,34,51,55,4
2208,"2019-10-02",4,8,10,43,53,7
2209,"2019-10-05",6,14,36,51,54,4
2210,"2019-10-09",5,18,33,43,65,2
2211,"2019-10-12",12,29,34,53,65,23
2212,"2019-10-16",1,5,25,63,67,3
2213,"2019-10-19",14,27,29,59,65,12
2214,"2019-10-23",5,12,50,61,69,23
2215,"2019-10-26",3,20,48,54,59,4
2216,"2019-10-30",19,22,52,56,67,21
2217,"2019-11-02",3,23,32,37,58,22
2218,"2019-11-06",15,28,46,62,64,17
2219,"2019-11-09",14,17,35,38,60,25
2220,"2019-11-13",23,26,27,28,66,11
2221,"2019-11-16",14,22,26,55,63,26
2222,"2019-11-20",7,15,39,40,57,12
2223,"2019-11-23",28,35,38,61,66,23
2224,"2019-11-27",15,26,37,53,55,21
2225,"2019-11-30",15,35,42,63,68,18
2226,"2019-12-04",8,27,44,51,61,14
2227,"2019-12-07",18,42,53,62,66,25
2228,"2019-12-11",24,29,42,44,63,10
2229,"2019-12-14",3,6,12,32,64,19
2230,"2019-12-18",14,18,26,39,68,9
2231,"2019-12-21",19,31,35,50,67,14
2232,"2019-12-25",2,4,16,30,46,20
2233,"2019-12-28",20,23,39,59,60,18
2234,"2020-01-01",49,53,57,59,62,26
2235,"2020-01-04",1,11,21,25,54,7
2236,"2020-01-08",2,4,7,43,56,22
2237,"2020-01-11",3,21,23,31,59,3
2238,"2020-01-15",39,41,53,55,68,19
2239,"2020-01-18",20,24,38,56,68,18
2240,"2020-01-22",11,33,44,59,67,8
2241,"2020-01-25",2,9,17,36,67,18
2242,"2020-01-29",9,12,15,31,60,2
2243,"2020-02-01",12,33,54,57,60,13
2244,"2020-02-05",23,30,35,41,57,2
2245,"2020-02-08",35,49,50,59,66,6
2246,"2020-02-12",14,47,54,55,68,25
2247,"2020-02-15",16,32,35,36,46,3
2248,"2020-02-19",10,12,15,19,56,19
2249,"2020-02-22",25,37,39,61,62,11
2250,"2020-02-26",8,27,29,36,47,24
2251,"2020-02-29",24,44,46,50,51,13
2252,"2020-03-04",18,43,58,60,68,14
2253,"2020-03-07",7,15,21,33,62,23
2254,"2020-03-11",4,29,49,50,67,2
2255,"2020-03-14",9,23,26,30,32,8
2256,"2020-03-18",15,27,44,59,63,8
2257,"2020-03-21",2,23,40,59,69,13
2258,"2020-03-25",5,9,27,39,42,16
2259,"2020-03-28",7,40,48,55,66,11
2260,"2020-04-01",33,35,45,48,60,16
2261,"2020-04-04",8,31,39,40,43,4
2262,"2020-04-08",2,37,39,48,54,5
2263,"2020-04-11",22,29,30,42,47,17
2264,"2020-04-15",10,12,33,36,41,2
2265,"2020-04-18",4,44,46,56,63,19
2266,"2020-04-22",1,33,35,40,69,24
2267,"2020-04-25",1,3,21,47,57,18
2268,"2020-04-29",2,20,49,61,67,20
2269,"2020-05-02",13,16,33,58,68,24
2270,"2020-05-06",7,8,35,50,65,20
2271,"2020-05-09",12,18,42,48,65,19
2272,"2020-05-13",39,53,54,56,57,20
2273,"2020-05-16",8,12,26,39,42,11
2274,"2020-05-20",18,34,40,42,50,9
2275,"2020-05-23",2,8,18,21,23,16
2276,"2020-05-27",38,58,59,64,68,21
2277,"2020-05-30",13,32,41,58,60,14
2278,"2020-06-03",1,3,26,41,64,17
2279,"2020-06-06",1,17,38,68,69,18
2280,"2020-06-10",10,33,41,52,54,18
2281,"2020-06-13",2,12,32,50,65,5
2282,"2020-06-17",7,10,63,64,68,10
2283,"2020-06-20",10,31,41,63,67,5
2284,"2020-06-24",15,22,27,33,46,23
2285,"2020-06-27",9,36,49,56,62,8
2286,"2020-07-01",15,28,52,53,63,18
2287,"2020-07-04",16,21,27,60,61,6
2288,"2020-07-08",3,10,34,36,62,5
2289,"2020-07-11",14,19,61,62,64,4
2290,"2020-07-15",27,47,61,62,69,4
2291,"2020-07-18",13,16,32,58,59,9
2292,"2020-07-22",16,25,36,44,55,14
2293,"2020-07-25",5,21,36,61,62,18
2294,"2020-07-29",7,29,35,40,45,26
2295,"2020-08-01",6,25,36,43,48,24
2296,"2020-08-05",7,14,17,57,65,24
2297,"2020-08-08",2,3,14,40,51,24
2298,"2020-08-12",2,6,18,36,37,21
2299,"2020-08-15",5,12,34,45,56,3
2300,"2020-08-19",13,23,47,55,58,23
2301,"2020-08-22",19,30,36,42,66,14
