DrawDate,W1,W2,W3,W4,W5,PB,Multiplier
11/05/1997, 02, 19, 35, 24, 28, 26, 0
11/08/1997, 40, 17, 21, 07, 49, 37, 0
11/12/1997, 41, 14, 13, 29, 16, 01, 0
11/15/1997, 32, 07, 45, 21, 26, 08, 0
11/19/1997, 19, 10, 48, 03, 21, 22, 0
11/22/1997, 22, 31, 03, 07, 14, 02, 0
11/26/1997, 15, 46, 34, 23, 40, 35, 0
11/29/1997, 11, 27, 13, 02, 31, 23, 0
12/03/1997, 18, 09, 14, 47, 42, 32, 0
12/06/1997, 15, 26, 28, 08, 43, 36, 0
12/10/1997, 18, 21, 28, 41, 04, 03, 0
12/13/1997, 44, 41, 46, 35, 05, 27, 0
12/17/1997, 03, 05, 45, 18, 13, 20, 0
12/20/1997, 23, 11, 12, 17, 10, 07, 0
12/24/1997, 28, 16, 35, 34, 03, 14, 0
12/27/1997, 14, 48, 15, 36, 09, 17, 0
12/31/1997, 27, 14, 06, 04, 05, 06, 0
01/03/1998, 04, 09, 27, 07, 32, 06, 0
01/07/1998, 18, 04, 30, 37, 03, 23, 0
01/10/1998, 17, 09, 07, 44, 20, 25, 0
01/14/1998, 16, 09, 06, 28, 38, 13, 0
01/17/1998, 28, 09, 49, 38, 29, 06, 0
01/21/1998, 31, 32, 23, 01, 26, 33, 0
01/24/1998, 07, 23, 15, 28, 36, 10, 0
01/28/1998, 23, 48, 36, 15, 31, 12, 0
01/31/1998, 13, 36, 48, 07, 11, 18, 0
02/04/1998, 30, 25, 12, 08, 21, 20, 0
02/07/1998, 40, 12, 15, 05, 27, 14, 0
02/11/1998, 37, 34, 33, 25, 35, 35, 0
02/14/1998, 41, 23, 05, 39, 07, 06, 0
02/18/1998, 01, 33, 28, 29, 21, 15, 0
02/21/1998, 22, 47, 29, 39, 09, 25, 0
02/25/1998, 30, 43, 02, 20, 46, 19, 0
02/28/1998, 49, 26, 04, 45, 41, 06, 0
03/04/1998, 39, 30, 19, 03, 33, 09, 0
03/07/1998, 32, 36, 42, 30, 21, 33, 0
03/11/1998, 02, 17, 36, 24, 05, 20, 0
03/14/1998, 15, 47, 35, 34, 42, 15, 0
03/18/1998, 04, 41, 39, 02, 33, 26, 0
03/21/1998, 38, 34, 04, 35, 47, 16, 0
03/25/1998, 42, 44, 35, 23, 05, 29, 0
03/28/1998, 27, 44, 33, 38, 30, 15, 0
04/01/1998, 47, 33, 11, 34, 12, 39, 0
04/04/1998, 08, 03, 23, 46, 43, 13, 0
04/08/1998, 03, 24, 30, 49, 10, 35, 0
04/11/1998, 49, 48, 05, 36, 15, 11, 0
04/15/1998, 41, 25, 08, 24, 39, 21, 0
04/18/1998, 22, 24, 45, 19, 30, 21, 0
04/22/1998, 13, 04, 49, 29, 31, 04, 0
04/25/1998, 35, 05, 38, 07, 20, 19, 0
04/29/1998, 25, 46, 08, 47, 30, 31, 0
05/02/1998, 49, 03, 37, 19, 14, 04, 0
05/06/1998, 20, 47, 45, 44, 11, 05, 0
05/09/1998, 08, 49, 34, 29, 26, 28, 0
05/13/1998, 02, 36, 13, 30, 18, 26, 0
05/16/1998, 22, 01, 41, 28, 23, 18, 0
05/20/1998, 09, 30, 48, 34, 04, 08, 0
05/23/1998, 15, 16, 35, 46, 01, 35, 0
05/27/1998, 46, 27, 15, 33, 02, 27, 0
05/30/1998, 03, 45, 29, 24, 14, 24, 0
06/03/1998, 31, 22, 25, 41, 35, 38, 0
06/06/1998, 24, 42, 26, 16, 28, 24, 0
06/10/1998, 12, 36, 38, 19, 04, 06, 0
06/13/1998, 21, 23, 06, 08, 03, 11, 0
06/17/1998, 36, 35, 07, 37, 14, 10, 0
06/20/1998, 49, 27, 26, 31, 09, 04, 0
06/24/1998, 27, 18, 16, 30, 13, 23, 0
06/27/1998, 07, 10, 31, 30, 36, 37, 0
07/01/1998, 03, 17, 29, 35, 47, 34, 0
07/04/1998, 39, 25, 38, 15, 30, 42, 0
07/08/1998, 19, 05, 16, 34, 29, 24, 0
07/11/1998, 10, 12, 01, 06, 38, 17, 0
07/15/1998, 16, 21, 36, 23, 11, 37, 0
07/18/1998, 10, 40, 14, 08, 33, 31, 0
07/22/1998, 30, 49, 01, 23, 22, 33, 0
07/25/1998, 23, 14, 03, 21, 17, 16, 0
07/29/1998, 39, 08, 43, 45, 49, 13, 0
08/01/1998, 04, 25, 20, 44, 01, 05, 0
08/05/1998, 42, 35, 19, 12, 03, 21, 0
08/08/1998, 45, 42, 05, 09, 33, 28, 0
08/12/1998, 10, 42, 33, 02, 45, 02, 0
08/15/1998, 37, 12, 49, 27, 30, 20, 0
08/19/1998, 08, 23, 43, 15, 46, 29, 0
08/22/1998, 21, 22, 11, 07, 49, 19, 0
08/26/1998, 06, 32, 46, 23, 42, 08, 0
08/29/1998, 13, 18, 14, 29, 31, 23, 0
09/02/1998, 28, 29, 44, 40, 21, 08, 0
09/05/1998, 26, 49, 10, 16, 08, 40, 0
09/09/1998, 42, 46, 12, 04, 19, 09, 0
09/12/1998, 19, 28, 33, 16, 35, 16, 0
09/16/1998, 40, 35, 06, 24, 42, 02, 0
09/19/1998, 41, 35, 19, 37, 01, 11, 0
09/23/1998, 01, 21, 42, 22, 05, 18, 0
09/26/1998, 25, 24, 05, 03, 02, 08, 0
09/30/1998, 02, 08, 03, 12, 36, 24, 0
10/03/1998, 05, 25, 32, 14, 22, 04, 0
10/07/1998, 15, 08, 26, 09, 06, 07, 0
10/10/1998, 01, 19, 08, 28, 45, 25, 0
10/14/1998, 26, 14, 18, 32, 15, 06, 0
10/17/1998, 44, 48, 47, 32, 28, 27, 0
10/21/1998, 24, 27, 22, 44, 39, 25, 0
10/24/1998, 12, 25, 17, 10, 40, 20, 0
10/28/1998, 44, 24, 35, 09, 08, 42, 0
10/31/1998, 17, 42, 33, 37, 34, 08, 0
11/04/1998, 17, 02, 36, 08, 30, 22, 0
11/07/1998, 05, 33, 10, 13, 30, 28, 0
11/11/1998, 48, 36, 14, 25, 10, 02, 0
11/14/1998, 41, 35, 10, 16, 03, 38, 0
11/18/1998, 21, 25, 33, 39, 46, 18, 0
11/21/1998, 15, 14, 21, 01, 35, 10, 0
11/25/1998, 06, 33, 48, 13, 10, 09, 0
11/28/1998, 11, 04, 43, 06, 02, 09, 0
12/02/1998, 45, 29, 36, 04, 22, 30, 0
12/05/1998, 31, 19, 09, 27, 20, 39, 0
12/09/1998, 40, 12, 43, 48, 33, 16, 0
12/12/1998, 29, 40, 16, 12, 26, 32, 0
12/16/1998, 03, 32, 19, 27, 08, 38, 0
12/19/1998, 05, 15, 45, 17, 03, 06, 0
12/23/1998, 45, 29, 31, 39, 46, 33, 0
12/26/1998, 17, 27, 29, 07, 41, 33, 0
12/30/1998, 38, 34, 46, 20, 10, 03, 0
01/02/1999, 23, 26, 39, 04, 17, 27, 0
01/06/1999, 16, 44, 02, 09, 13, 36, 0
01/09/1999, 27, 05, 10, 11, 32, 13, 0
01/13/1999, 31, 15, 33, 47, 43, 06, 0
01/16/1999, 02, 40, 28, 15, 20, 15, 0
01/20/1999, 12, 02, 40, 19, 48, 27, 0
01/23/1999, 03, 49, 30, 19, 26, 31, 0
01/27/1999, 20, 23, 04, 44, 02, 22, 0
01/30/1999, 19, 40, 25, 24, 45, 05, 0
02/03/1999, 39, 42, 26, 20, 30, 32, 0
02/06/1999, 25, 48, 39, 15, 32, 32, 0
02/10/1999, 31, 42, 10, 27, 20, 26, 0
02/13/1999, 18, 04, 35, 27, 09, 11, 0
02/17/1999, 36, 25, 21, 22, 10, 39, 0
02/20/1999, 16, 39, 24, 06, 15, 12, 0
02/24/1999, 46, 15, 40, 29, 08, 23, 0
02/27/1999, 30, 13, 46, 20, 32, 36, 0
03/03/1999, 01, 44, 42, 12, 08, 13, 0
03/06/1999, 25, 42, 19, 13, 20, 13, 0
03/10/1999, 34, 26, 49, 14, 01, 15, 0
03/13/1999, 11, 49, 08, 42, 44, 39, 0
03/17/1999, 09, 15, 31, 40, 37, 09, 0
03/20/1999, 20, 41, 04, 40, 22, 07, 0
03/24/1999, 19, 20, 27, 07, 26, 12, 0
03/27/1999, 12, 45, 13, 05, 48, 35, 0
03/31/1999, 16, 03, 15, 39, 28, 01, 0
04/03/1999, 01, 04, 10, 17, 30, 06, 0
04/07/1999, 26, 05, 37, 39, 31, 42, 0
04/10/1999, 03, 34, 45, 42, 24, 01, 0
04/14/1999, 25, 10, 40, 19, 12, 33, 0
04/17/1999, 18, 40, 25, 43, 15, 37, 0
04/21/1999, 03, 11, 45, 41, 32, 29, 0
04/24/1999, 03, 48, 45, 01, 35, 18, 0
04/28/1999, 42, 05, 12, 18, 07, 14, 0
05/01/1999, 20, 09, 27, 07, 26, 18, 0
05/05/1999, 07, 40, 09, 31, 26, 24, 0
05/08/1999, 25, 47, 34, 28, 30, 14, 0
05/12/1999, 05, 12, 40, 38, 04, 28, 0
05/15/1999, 04, 38, 24, 27, 30, 14, 0
05/19/1999, 24, 35, 04, 41, 09, 31, 0
05/22/1999, 36, 18, 06, 43, 15, 11, 0
05/26/1999, 36, 26, 34, 29, 37, 24, 0
05/29/1999, 43, 36, 35, 05, 45, 19, 0
06/02/1999, 48, 24, 04, 20, 46, 32, 0
06/05/1999, 49, 08, 37, 02, 16, 11, 0
06/09/1999, 32, 35, 07, 48, 38, 17, 0
06/12/1999, 28, 26, 35, 45, 17, 20, 0
06/16/1999, 02, 04, 38, 14, 08, 01, 0
06/19/1999, 46, 02, 23, 38, 27, 26, 0
06/23/1999, 15, 12, 23, 17, 49, 07, 0
06/26/1999, 22, 15, 38, 47, 08, 26, 0
06/30/1999, 05, 20, 40, 10, 12, 03, 0
07/03/1999, 01, 07, 08, 37, 21, 02, 0
07/07/1999, 41, 03, 06, 37, 17, 08, 0
07/10/1999, 35, 17, 07, 44, 37, 30, 0
07/14/1999, 25, 32, 06, 29, 01, 09, 0
07/17/1999, 37, 40, 36, 30, 48, 28, 0
07/21/1999, 26, 13, 31, 04, 29, 03, 0
07/24/1999, 04, 23, 45, 47, 33, 33, 0
07/28/1999, 22, 25, 31, 23, 32, 25, 0
07/31/1999, 45, 18, 43, 46, 26, 29, 0
08/04/1999, 24, 33, 35, 04, 18, 34, 0
08/07/1999, 42, 49, 45, 01, 44, 01, 0
08/11/1999, 05, 07, 43, 12, 10, 07, 0
08/14/1999, 06, 39, 05, 45, 01, 14, 0
08/18/1999, 08, 05, 26, 41, 09, 19, 0
08/21/1999, 17, 45, 28, 42, 02, 20, 0
08/25/1999, 45, 11, 13, 21, 34, 30, 0
08/28/1999, 38, 39, 25, 14, 18, 07, 0
09/01/1999, 09, 37, 39, 36, 32, 14, 0
09/04/1999, 23, 22, 34, 26, 14, 29, 0
09/08/1999, 08, 43, 22, 39, 15, 22, 0
09/11/1999, 37, 04, 32, 42, 33, 25, 0
09/15/1999, 37, 12, 01, 42, 48, 31, 0
09/18/1999, 02, 46, 26, 34, 08, 30, 0
09/22/1999, 08, 33, 38, 35, 47, 08, 0
09/25/1999, 33, 41, 36, 32, 15, 07, 0
09/29/1999, 29, 46, 11, 41, 22, 42, 0
10/02/1999, 48, 35, 15, 12, 25, 30, 0
10/06/1999, 07, 06, 38, 42, 15, 42, 0
10/09/1999, 20, 08, 43, 39, 27, 01, 0
10/13/1999, 23, 15, 44, 38, 43, 38, 0
10/16/1999, 05, 40, 18, 22, 12, 21, 0
10/20/1999, 02, 20, 19, 29, 16, 13, 0
10/23/1999, 32, 15, 12, 37, 27, 11, 0
10/27/1999, 31, 24, 20, 39, 17, 21, 0
10/30/1999, 26, 41, 33, 37, 10, 21, 0
11/03/1999, 07, 03, 08, 01, 26, 07, 0
11/06/1999, 08, 05, 12, 40, 25, 28, 0
11/10/1999, 43, 40, 19, 13, 31, 36, 0
11/13/1999, 26, 13, 32, 16, 34, 24, 0
11/17/1999, 27, 20, 11, 48, 43, 12, 0
11/20/1999, 05, 06, 18, 44, 42, 03, 0
11/24/1999, 43, 02, 15, 04, 37, 40, 0
11/27/1999, 16, 24, 38, 28, 03, 28, 0
12/01/1999, 32, 14, 47, 20, 03, 02, 0
12/04/1999, 38, 25, 36, 22, 05, 37, 0
12/08/1999, 34, 13, 44, 40, 47, 24, 0
12/11/1999, 47, 10, 06, 31, 48, 29, 0
12/15/1999, 35, 33, 47, 19, 32, 26, 0
12/18/1999, 43, 03, 02, 25, 15, 25, 0
12/22/1999, 43, 23, 42, 13, 11, 18, 0
12/25/1999, 19, 39, 29, 06, 44, 28, 0
12/29/1999, 43, 11, 16, 03, 14, 10, 0
01/01/2000, 36, 13, 23, 09, 45, 39, 0
01/05/2000, 15, 05, 16, 28, 32, 39, 0
01/08/2000, 28, 07, 35, 40, 48, 14, 0
01/12/2000, 32, 09, 44, 38, 41, 27, 0
01/15/2000, 40, 01, 06, 21, 33, 28, 0
01/19/2000, 12, 37, 31, 35, 44, 34, 0
01/22/2000, 41, 32, 04, 34, 16, 25, 0
01/26/2000, 46, 43, 18, 25, 30, 18, 0
01/29/2000, 28, 08, 32, 06, 47, 26, 0
02/02/2000, 16, 06, 10, 12, 29, 33, 0
02/05/2000, 44, 11, 41, 34, 06, 20, 0
02/09/2000, 40, 36, 49, 05, 29, 30, 0
02/12/2000, 45, 37, 44, 21, 24, 24, 0
02/16/2000, 31, 10, 12, 09, 41, 37, 0
02/19/2000, 45, 24, 14, 23, 48, 21, 0
02/23/2000, 32, 12, 20, 16, 26, 35, 0
02/26/2000, 49, 09, 07, 23, 37, 07, 0
03/01/2000, 22, 30, 38, 21, 29, 39, 0
03/04/2000, 06, 43, 08, 48, 03, 01, 0
03/08/2000, 36, 17, 14, 11, 25, 38, 0
03/11/2000, 23, 11, 31, 02, 28, 39, 0
03/15/2000, 19, 44, 15, 38, 14, 20, 0
03/18/2000, 30, 43, 46, 12, 39, 10, 0
03/22/2000, 41, 03, 12, 46, 30, 32, 0
03/25/2000, 06, 48, 43, 30, 45, 32, 0
03/29/2000, 40, 12, 32, 37, 49, 37, 0
04/01/2000, 04, 03, 29, 38, 13, 21, 0
04/05/2000, 06, 11, 18, 08, 39, 40, 0
04/08/2000, 33, 04, 48, 12, 09, 18, 0
04/12/2000, 31, 20, 04, 25, 06, 06, 0
04/15/2000, 28, 26, 48, 40, 15, 09, 0
04/19/2000, 08, 20, 49, 09, 03, 22, 0
04/22/2000, 48, 03, 09, 05, 42, 35, 0
04/26/2000, 37, 24, 10, 05, 17, 15, 0
04/29/2000, 12, 14, 35, 26, 36, 37, 0
05/03/2000, 05, 48, 41, 34, 13, 07, 0
05/06/2000, 39, 04, 27, 29, 41, 16, 0
05/10/2000, 31, 47, 20, 18, 08, 11, 0
05/13/2000, 38, 01, 42, 27, 03, 24, 0
05/17/2000, 17, 20, 49, 16, 28, 34, 0
05/20/2000, 40, 05, 48, 17, 44, 26, 0
05/24/2000, 07, 47, 19, 43, 46, 04, 0
05/27/2000, 30, 29, 02, 44, 22, 36, 0
05/31/2000, 22, 15, 42, 43, 16, 11, 0
06/03/2000, 31, 37, 13, 14, 15, 10, 0
06/07/2000, 46, 45, 19, 39, 49, 17, 0
06/10/2000, 47, 02, 32, 40, 16, 15, 0
06/14/2000, 23, 21, 42, 32, 34, 05, 0
06/17/2000, 25, 15, 47, 44, 06, 07, 0
06/21/2000, 43, 01, 28, 27, 24, 25, 0
06/24/2000, 49, 13, 26, 27, 02, 04, 0
06/28/2000, 27, 24, 30, 13, 45, 18, 0
07/01/2000, 42, 14, 22, 13, 32, 26, 0
07/05/2000, 32, 18, 10, 14, 33, 02, 0
07/08/2000, 10, 02, 39, 34, 07, 12, 0
07/12/2000, 09, 10, 48, 06, 26, 10, 0
07/15/2000, 21, 05, 08, 49, 46, 34, 0
07/19/2000, 36, 05, 08, 18, 38, 40, 0
07/22/2000, 12, 02, 33, 15, 41, 33, 0
07/26/2000, 03, 37, 20, 22, 44, 36, 0
07/29/2000, 38, 24, 26, 11, 41, 07, 0
08/02/2000, 12, 42, 49, 33, 27, 31, 0
08/05/2000, 32, 38, 28, 13, 33, 14, 0
08/09/2000, 18, 28, 19, 11, 17, 34, 0
08/12/2000, 46, 47, 31, 06, 38, 21, 0
08/16/2000, 44, 16, 15, 47, 27, 14, 0
08/19/2000, 17, 36, 23, 10, 13, 23, 0
08/23/2000, 43, 28, 47, 20, 40, 31, 0
08/26/2000, 40, 43, 27, 22, 16, 05, 0
08/30/2000, 25, 29, 36, 46, 04, 08, 0
09/02/2000, 05, 26, 22, 14, 20, 35, 0
09/06/2000, 28, 06, 04, 12, 42, 06, 0
09/09/2000, 18, 42, 14, 29, 20, 02, 0
09/13/2000, 21, 02, 22, 47, 13, 31, 0
09/16/2000, 19, 47, 01, 40, 49, 14, 0
09/20/2000, 17, 45, 23, 33, 21, 11, 0
09/23/2000, 35, 01, 17, 36, 27, 31, 0
09/27/2000, 24, 47, 44, 32, 42, 15, 0
09/30/2000, 24, 19, 32, 44, 43, 39, 0
10/04/2000, 24, 16, 48, 34, 03, 03, 0
10/07/2000, 04, 07, 39, 34, 27, 01, 0
10/11/2000, 32, 44, 45, 26, 41, 35, 0
10/14/2000, 16, 22, 18, 41, 14, 37, 0
10/18/2000, 17, 42, 21, 43, 28, 25, 0
10/21/2000, 24, 45, 13, 19, 44, 16, 0
10/25/2000, 45, 05, 46, 03, 20, 37, 0
10/28/2000, 37, 32, 06, 11, 47, 13, 0
11/01/2000, 10, 29, 14, 04, 39, 10, 0
11/04/2000, 34, 05, 22, 42, 09, 02, 0
11/08/2000, 37, 49, 17, 45, 13, 04, 0
11/11/2000, 21, 38, 12, 04, 46, 37, 0
11/15/2000, 26, 12, 46, 32, 41, 18, 0
11/18/2000, 27, 31, 41, 03, 32, 33, 0
11/22/2000, 44, 18, 05, 40, 47, 34, 0
11/25/2000, 37, 02, 39, 38, 42, 22, 0
11/29/2000, 29, 01, 20, 27, 04, 17, 0
12/02/2000, 22, 14, 38, 41, 11, 39, 0
12/06/2000, 20, 15, 45, 07, 23, 17, 0
12/09/2000, 14, 41, 10, 08, 42, 20, 0
12/13/2000, 06, 19, 38, 10, 43, 41, 0
12/16/2000, 26, 34, 02, 33, 39, 23, 0
12/20/2000, 04, 31, 34, 07, 41, 28, 0
12/23/2000, 27, 06, 11, 15, 22, 27, 0
12/27/2000, 24, 15, 32, 22, 39, 18, 0
12/30/2000, 46, 38, 29, 23, 26, 35, 0
01/03/2001, 29, 09, 49, 19, 38, 20, 0
01/06/2001, 22, 43, 01, 24, 39, 26, 0
01/10/2001, 23, 22, 35, 06, 09, 06, 0
01/13/2001, 42, 19, 23, 14, 29, 26, 0
01/17/2001, 48, 16, 31, 09, 28, 36, 0
01/20/2001, 36, 25, 11, 01, 29, 40, 0
01/24/2001, 39, 49, 31, 34, 42, 26, 0
01/27/2001, 45, 19, 41, 32, 08, 37, 0
01/31/2001, 27, 15, 21, 47, 37, 16, 0
02/03/2001, 29, 27, 44, 21, 41, 09, 0
02/07/2001, 07, 06, 33, 31, 04, 20, 0
02/10/2001, 46, 16, 41, 38, 47, 25, 0
02/14/2001, 41, 29, 05, 42, 18, 16, 0
02/17/2001, 31, 39, 22, 41, 04, 06, 0
02/21/2001, 32, 04, 10, 39, 45, 25, 0
02/24/2001, 41, 30, 49, 34, 29, 37, 0
02/28/2001, 03, 47, 46, 09, 01, 22, 0
03/03/2001, 44, 36, 23, 09, 08, 15, 0
03/07/2001, 32, 09, 23, 45, 40, 31, 5 
03/10/2001, 30, 19, 12, 26, 33, 11, 3 
03/14/2001, 42, 22, 27, 49, 12, 34, 2 
03/17/2001, 36, 16, 18, 15, 20, 18, 5 
03/21/2001, 13, 18, 14, 20, 21, 16, 1 
03/24/2001, 02, 28, 37, 40, 49, 22, 5 
03/28/2001, 27, 43, 31, 12, 04, 20, 5 
03/31/2001, 11, 39, 41, 27, 37, 42, 2 
04/04/2001, 05, 43, 16, 12, 13, 11, 3 
04/07/2001, 37, 20, 41, 31, 18, 01, 4 
04/11/2001, 21, 04, 41, 32, 39, 31, 3 
04/14/2001, 03, 16, 30, 08, 29, 04, 2 
04/18/2001, 06, 18, 11, 20, 44, 39, 3 
04/21/2001, 24, 38, 05, 25, 30, 40, 2 
04/25/2001, 39, 28, 14, 29, 26, 39, 1 
04/28/2001, 01, 20, 11, 39, 34, 37, 5 
05/02/2001, 42, 02, 36, 19, 30, 19, 2 
05/05/2001, 07, 20, 45, 09, 19, 05, 2 
05/09/2001, 49, 22, 14, 19, 09, 34, 2 
05/12/2001, 11, 36, 28, 16, 29, 21, 5 
05/16/2001, 28, 20, 44, 13, 12, 17, 5 
05/19/2001, 49, 47, 10, 06, 21, 02, 2 
05/23/2001, 34, 21, 49, 32, 19, 38, 2 
05/26/2001, 09, 10, 40, 24, 21, 36, 4 
05/30/2001, 12, 36, 28, 43, 11, 09, 1 
06/02/2001, 10, 45, 48, 26, 17, 38, 5 
06/06/2001, 10, 40, 45, 20, 21, 22, 1 
06/09/2001, 37, 23, 42, 43, 20, 27, 3 
06/13/2001, 41, 09, 32, 36, 34, 14, 2 
06/16/2001, 44, 17, 13, 02, 45, 14, 1 
06/20/2001, 05, 09, 49, 18, 14, 32, 1 
06/23/2001, 42, 38, 40, 06, 35, 36, 2 
06/27/2001, 07, 13, 16, 03, 35, 22, 3 
06/30/2001, 33, 03, 06, 34, 39, 15, 2 
07/04/2001, 30, 25, 03, 28, 26, 10, 3 
07/07/2001, 09, 34, 22, 46, 03, 17, 1 
07/11/2001, 16, 24, 26, 10, 18, 13, 5 
07/14/2001, 27, 15, 01, 13, 41, 02, 4 
07/18/2001, 09, 04, 31, 26, 49, 02, 2 
07/21/2001, 19, 27, 20, 15, 03, 20, 5 
07/25/2001, 37, 16, 29, 39, 23, 17, 2 
07/28/2001, 33, 36, 04, 23, 45, 29, 1 
08/01/2001, 39, 26, 24, 34, 25, 31, 4 
08/04/2001, 16, 26, 46, 24, 20, 09, 3 
08/08/2001, 37, 25, 41, 10, 02, 02, 2 
08/11/2001, 14, 41, 11, 25, 20, 08, 4 
08/15/2001, 37, 40, 44, 29, 43, 06, 5 
08/18/2001, 22, 14, 03, 20, 48, 17, 1 
08/22/2001, 02, 36, 39, 30, 28, 10, 3 
08/25/2001, 17, 08, 42, 22, 47, 21, 2 
08/29/2001, 35, 09, 49, 04, 32, 28, 3 
09/01/2001, 27, 07, 30, 44, 24, 29, 1 
09/05/2001, 14, 42, 18, 33, 24, 08, 5 
09/08/2001, 12, 28, 13, 48, 06, 26, 3 
09/12/2001, 47, 25, 39, 13, 35, 01, 3 
09/15/2001, 33, 43, 28, 49, 19, 23, 3 
09/19/2001, 31, 28, 21, 41, 26, 29, 5 
09/22/2001, 27, 42, 39, 34, 23, 40, 1 
09/26/2001, 35, 18, 30, 26, 44, 19, 4 
09/29/2001, 15, 02, 29, 47, 21, 12, 4 
10/03/2001, 23, 35, 20, 02, 49, 25, 5 
10/06/2001, 31, 21, 09, 05, 01, 12, 1 
10/10/2001, 08, 16, 01, 07, 19, 37, 5 
10/13/2001, 37, 40, 41, 46, 48, 20, 2 
10/17/2001, 46, 07, 40, 05, 29, 05, 1 
10/20/2001, 40, 16, 47, 07, 33, 33, 2 
10/24/2001, 27, 06, 15, 42, 24, 32, 5 
10/27/2001, 17, 28, 10, 01, 45, 20, 5 
10/31/2001, 02, 18, 16, 40, 35, 41, 5 
11/03/2001, 14, 37, 06, 49, 36, 20, 3 
11/07/2001, 25, 04, 17, 02, 06, 31, 1 
11/10/2001, 07, 13, 33, 38, 16, 13, 4 
11/14/2001, 17, 28, 30, 04, 40, 03, 1 
11/17/2001, 07, 35, 27, 01, 10, 34, 4 
11/21/2001, 31, 28, 38, 41, 27, 13, 1 
11/24/2001, 27, 37, 42, 12, 10, 30, 5 
11/28/2001, 48, 24, 05, 15, 18, 16, 2 
12/01/2001, 48, 46, 41, 06, 38, 37, 2 
12/05/2001, 14, 09, 08, 13, 21, 37, 3 
12/08/2001, 35, 17, 48, 31, 26, 35, 2 
12/12/2001, 35, 43, 47, 20, 04, 27, 4 
12/15/2001, 11, 22, 13, 08, 37, 17, 4 
12/19/2001, 35, 43, 36, 20, 26, 23, 4 
12/22/2001, 27, 33, 14, 24, 34, 06, 3 
12/26/2001, 19, 39, 23, 41, 08, 21, 3 
12/29/2001, 45, 10, 43, 27, 15, 31, 2 
01/02/2002, 36, 46, 23, 44, 42, 33, 3 
01/05/2002, 07, 08, 32, 17, 14, 15, 5 
01/09/2002, 39, 07, 40, 42, 43, 04, 5 
01/12/2002, 13, 41, 19, 22, 47, 05, 3 
01/16/2002, 24, 34, 31, 47, 40, 30, 2 
01/19/2002, 21, 35, 49, 41, 23, 05, 2 
01/23/2002, 14, 47, 32, 18, 30, 36, 5 
01/26/2002, 05, 14, 22, 30, 15, 31, 4 
01/30/2002, 07, 21, 15, 09, 40, 18, 2 
02/02/2002, 27, 45, 19, 43, 12, 28, 1 
02/06/2002, 28, 10, 34, 24, 35, 32, 3 
02/09/2002, 30, 35, 21, 17, 36, 12, 1 
02/13/2002, 43, 33, 38, 10, 02, 19, 4 
02/16/2002, 31, 42, 19, 45, 32, 06, 5 
02/20/2002, 19, 08, 09, 25, 22, 11, 5 
02/23/2002, 15, 21, 38, 19, 08, 33, 1 
02/27/2002, 02, 06, 19, 45, 01, 27, 4 
03/02/2002, 06, 25, 46, 22, 36, 34, 4 
03/06/2002, 30, 38, 05, 15, 07, 02, 5 
03/09/2002, 02, 49, 12, 38, 44, 19, 3 
03/13/2002, 04, 28, 27, 49, 33, 39, 2 
03/16/2002, 45, 16, 38, 37, 10, 14, 5 
03/20/2002, 04, 20, 30, 49, 25, 37, 5 
03/23/2002, 39, 02, 10, 48, 01, 13, 1 
03/27/2002, 35, 43, 15, 40, 46, 33, 3 
03/30/2002, 29, 13, 08, 16, 19, 37, 1 
04/03/2002, 14, 36, 08, 29, 17, 03, 1 
04/06/2002, 22, 16, 30, 15, 35, 20, 5 
04/10/2002, 29, 17, 12, 07, 48, 21, 3 
04/13/2002, 38, 16, 22, 33, 32, 13, 4 
04/17/2002, 02, 23, 36, 03, 22, 22, 2 
04/20/2002, 40, 27, 34, 44, 42, 08, 4 
04/24/2002, 13, 01, 16, 43, 33, 01, 2 
04/27/2002, 12, 18, 01, 33, 09, 14, 1 
05/01/2002, 48, 03, 26, 32, 45, 06, 5 
05/04/2002, 12, 06, 09, 20, 07, 20, 5 
05/08/2002, 11, 06, 34, 25, 28, 35, 3 
05/11/2002, 03, 36, 15, 16, 40, 22, 1 
05/15/2002, 30, 33, 37, 36, 49, 35, 5 
05/18/2002, 25, 02, 32, 31, 18, 01, 2 
05/22/2002, 20, 05, 22, 34, 23, 19, 1 
05/25/2002, 29, 09, 42, 33, 30, 27, 4 
05/29/2002, 49, 28, 18, 35, 31, 13, 1 
06/01/2002, 17, 27, 02, 06, 19, 02, 3 
06/05/2002, 18, 01, 21, 36, 47, 33, 2 
06/08/2002, 48, 46, 26, 42, 37, 38, 3 
06/12/2002, 49, 39, 27, 13, 18, 20, 1 
06/15/2002, 16, 42, 08, 07, 43, 15, 3 
06/19/2002, 04, 07, 03, 11, 01, 23, 3 
06/22/2002, 16, 37, 01, 48, 26, 09, 2 
06/26/2002, 09, 24, 17, 23, 06, 14, 4 
06/29/2002, 45, 04, 35, 33, 36, 22, 5 
07/03/2002, 07, 19, 38, 48, 49, 10, 5 
07/06/2002, 02, 39, 27, 09, 36, 13, 3 
07/10/2002, 31, 43, 37, 45, 26, 32, 5 
07/13/2002, 22, 49, 42, 03, 37, 08, 3 
07/17/2002, 25, 10, 40, 11, 45, 25, 5 
07/20/2002, 13, 03, 02, 26, 06, 10, 1 
07/24/2002, 16, 19, 34, 37, 22, 20, 4 
07/27/2002, 17, 05, 44, 22, 02, 30, 1 
07/31/2002, 02, 04, 34, 22, 06, 26, 4 
08/03/2002, 34, 24, 33, 13, 19, 41, 5 
08/07/2002, 13, 40, 35, 47, 46, 35, 4 
08/10/2002, 11, 16, 21, 35, 27, 31, 5 
08/14/2002, 19, 04, 33, 16, 41, 29, 2 
08/17/2002, 46, 33, 03, 42, 26, 41, 3 
08/21/2002, 48, 01, 47, 06, 43, 36, 1 
08/24/2002, 24, 18, 45, 05, 10, 20, 5 
08/28/2002, 38, 36, 30, 24, 37, 42, 2 
08/31/2002, 14, 22, 12, 29, 41, 41, 5 
09/04/2002, 26, 15, 18, 36, 31, 20, 5 
09/07/2002, 24, 12, 19, 34, 06, 18, 5 
09/11/2002, 06, 03, 39, 26, 48, 28, 3 
09/14/2002, 14, 05, 40, 26, 31, 29, 4 
09/18/2002, 44, 42, 06, 27, 32, 10, 5 
09/21/2002, 45, 11, 28, 40, 03, 33, 5 
09/25/2002, 49, 36, 23, 12, 01, 09, 2 
09/28/2002, 24, 22, 12, 35, 31, 08, 3 
10/02/2002, 04, 05, 43, 02, 38, 34, 2 
10/05/2002, 22, 14, 39, 43, 19, 12, 2 
10/09/2002, 09, 38, 43, 10, 42, 05, 4 
10/12/2002, 23, 49, 46, 52, 26, 28, 5 
10/16/2002, 08, 31, 24, 37, 11, 41, 5 
10/19/2002, 04, 42, 18, 25, 20, 29, 4 
10/23/2002, 18, 30, 02, 14, 31, 36, 5 
10/26/2002, 33, 14, 12, 39, 27, 41, 3 
10/30/2002, 09, 23, 41, 19, 16, 12, 5 
11/02/2002, 34, 35, 15, 32, 08, 34, 4 
11/06/2002, 09, 19, 17, 12, 11, 23, 5 
11/09/2002, 53, 38, 30, 40, 36, 08, 5 
11/13/2002, 50, 18, 23, 38, 31, 20, 5 
11/16/2002, 40, 51, 32, 33, 35, 01, 2 
11/20/2002, 14, 22, 44, 21, 29, 03, 3 
11/23/2002, 49, 21, 15, 19, 16, 05, 4 
11/27/2002, 01, 25, 40, 53, 20, 19, 5 
11/30/2002, 19, 01, 04, 21, 29, 08, 2 
12/04/2002, 35, 13, 20, 21, 40, 35, 4 
12/07/2002, 17, 27, 32, 03, 48, 01, 2 
12/11/2002, 06, 14, 22, 12, 33, 21, 3 
12/14/2002, 42, 44, 24, 17, 08, 37, 2 
12/18/2002, 52, 50, 14, 33, 02, 22, 5 
12/21/2002, 39, 34, 52, 05, 22, 30, 5 
12/25/2002, 53, 14, 05, 16, 29, 07, 4 
12/28/2002, 50, 02, 15, 38, 43, 29, 5 
01/01/2003, 42, 43, 34, 53, 18, 17, 5 
01/04/2003, 11, 39, 01, 40, 37, 23, 2 
01/08/2003, 44, 16, 22, 46, 26, 20, 3 
01/11/2003, 09, 46, 48, 45, 51, 02, 5 
01/15/2003, 17, 42, 44, 30, 04, 15, 5 
01/18/2003, 34, 04, 52, 48, 17, 10, 4 
01/22/2003, 40, 30, 20, 28, 43, 03, 3 
01/25/2003, 10, 15, 51, 12, 49, 21, 5 
01/29/2003, 12, 53, 30, 27, 10, 28, 5 
02/01/2003, 11, 02, 39, 21, 16, 42, 5 
02/05/2003, 02, 07, 48, 09, 05, 32, 5 
02/08/2003, 21, 23, 13, 20, 02, 35, 5 
02/12/2003, 49, 07, 12, 19, 47, 06, 4 
02/15/2003, 29, 01, 42, 38, 26, 30, 2 
02/19/2003, 16, 11, 44, 17, 06, 26, 5 
02/22/2003, 10, 02, 09, 06, 05, 26, 2 
02/26/2003, 34, 27, 23, 31, 10, 11, 2 
03/01/2003, 28, 07, 06, 27, 41, 03, 5 
03/05/2003, 37, 28, 44, 02, 24, 06, 2 
03/08/2003, 20, 45, 01, 21, 05, 24, 3 
03/12/2003, 24, 44, 52, 25, 05, 20, 3 
03/15/2003, 45, 52, 41, 30, 12, 35, 5 
03/19/2003, 19, 37, 47, 51, 40, 40, 5 
03/22/2003, 29, 05, 31, 49, 47, 25, 3 
03/26/2003, 52, 28, 10, 40, 31, 41, 5 
03/29/2003, 25, 02, 17, 09, 36, 08, 2 
04/02/2003, 47, 17, 50, 12, 35, 13, 4 
04/05/2003, 46, 14, 49, 07, 23, 20, 5 
04/09/2003, 38, 51, 06, 28, 35, 41, 2 
04/12/2003, 17, 52, 27, 35, 28, 02, 5 
04/16/2003, 39, 50, 41, 25, 04, 31, 5 
04/19/2003, 48, 10, 18, 40, 46, 30, 5 
04/23/2003, 51, 14, 23, 15, 31, 34, 2 
04/26/2003, 36, 11, 13, 05, 22, 31, 4 
04/30/2003, 32, 13, 17, 33, 07, 35, 4 
05/03/2003, 14, 40, 39, 47, 21, 06, 5 
05/07/2003, 13, 35, 18, 51, 34, 28, 5 
05/10/2003, 01, 02, 06, 20, 10, 38, 4 
05/14/2003, 34, 52, 45, 20, 33, 21, 5 
05/17/2003, 18, 42, 13, 05, 50, 04, 2 
05/21/2003, 41, 32, 30, 04, 35, 09, 2 
05/24/2003, 49, 10, 48, 42, 50, 42, 5 
05/28/2003, 17, 06, 16, 19, 38, 16, 5 
05/31/2003, 46, 26, 52, 10, 30, 35, 3 
06/04/2003, 26, 53, 24, 14, 02, 01, 2 
06/07/2003, 27, 17, 11, 40, 26, 06, 3 
06/11/2003, 44, 46, 16, 12, 43, 38, 2 
06/14/2003, 12, 42, 50, 40, 26, 03, 5 
06/18/2003, 19, 45, 21, 20, 46, 20, 4 
06/21/2003, 27, 15, 19, 44, 36, 17, 5 
06/25/2003, 43, 05, 35, 50, 26, 04, 4 
06/28/2003, 44, 14, 07, 41, 09, 25, 4 
07/02/2003, 26, 17, 24, 45, 16, 36, 5 
07/05/2003, 17, 49, 05, 25, 37, 21, 2 
07/09/2003, 19, 26, 21, 31, 51, 40, 3 
07/12/2003, 50, 51, 06, 16, 52, 23, 4 
07/16/2003, 30, 18, 49, 28, 27, 20, 5 
07/19/2003, 34, 48, 29, 14, 30, 01, 5 
07/23/2003, 51, 37, 34, 16, 04, 38, 5 
07/26/2003, 09, 34, 30, 10, 32, 11, 3 
07/30/2003, 26, 31, 49, 22, 18, 28, 2 
08/02/2003, 41, 42, 17, 40, 46, 25, 3 
08/06/2003, 48, 11, 14, 26, 31, 30, 2 
08/09/2003, 25, 40, 18, 23, 26, 15, 4 
08/13/2003, 44, 26, 48, 35, 31, 32, 2 
08/16/2003, 15, 20, 42, 37, 13, 07, 5 
08/20/2003, 35, 22, 46, 48, 08, 15, 5 
08/23/2003, 39, 50, 51, 46, 01, 07, 5 
08/27/2003, 31, 46, 36, 42, 24, 32, 5 
08/30/2003, 35, 49, 41, 36, 09, 33, 3 
09/03/2003, 19, 09, 06, 24, 40, 31, 5 
09/06/2003, 41, 15, 06, 20, 18, 17, 5 
09/10/2003, 03, 33, 30, 17, 29, 34, 5 
09/13/2003, 32, 28, 06, 19, 10, 39, 5 
09/17/2003, 32, 02, 19, 34, 24, 02, 5 
09/20/2003, 13, 33, 11, 31, 28, 29, 4 
09/24/2003, 28, 47, 19, 20, 17, 37, 4 
09/27/2003, 48, 20, 09, 41, 30, 29, 5 
10/01/2003, 50, 05, 04, 21, 19, 41, 2 
10/04/2003, 08, 13, 29, 44, 48, 36, 3 
10/08/2003, 06, 25, 07, 08, 01, 18, 5 
10/11/2003, 11, 32, 45, 14, 21, 21, 2 
10/15/2003, 29, 06, 39, 52, 09, 08, 5 
10/18/2003, 35, 22, 25, 34, 33, 14, 5 
10/22/2003, 53, 27, 25, 03, 28, 35, 5 
10/25/2003, 06, 17, 48, 45, 47, 04, 3 
10/29/2003, 22, 34, 19, 08, 53, 29, 3 
11/01/2003, 34, 19, 37, 47, 16, 18, 5 
11/05/2003, 20, 38, 27, 06, 39, 31, 5 
11/08/2003, 05, 24, 52, 38, 08, 22, 5 
11/12/2003, 22, 11, 07, 19, 20, 01, 4 
11/15/2003, 20, 08, 22, 32, 52, 39, 5 
11/19/2003, 36, 42, 26, 16, 47, 33, 4 
11/22/2003, 45, 09, 12, 29, 17, 04, 2 
11/26/2003, 16, 01, 03, 41, 37, 19, 5 
11/29/2003, 39, 14, 43, 51, 36, 15, 5 
12/03/2003, 37, 01, 43, 10, 35, 30, 4 
12/06/2003, 24, 45, 21, 41, 37, 39, 5 
12/10/2003, 40, 04, 17, 26, 37, 15, 4 
12/13/2003, 17, 25, 44, 19, 26, 19, 3 
12/17/2003, 43, 15, 18, 21, 19, 07, 5 
12/20/2003, 48, 24, 12, 25, 20, 37, 4 
12/24/2003, 01, 44, 06, 34, 31, 25, 3 
12/27/2003, 17, 34, 32, 16, 43, 31, 5 
12/31/2003, 05, 07, 28, 18, 35, 01, 3 
01/03/2004, 42, 04, 22, 05, 41, 02, 4 
01/07/2004, 44, 04, 18, 14, 07, 25, 3 
01/10/2004, 13, 02, 27, 19, 50, 05, 5 
01/14/2004, 44, 33, 12, 50, 40, 40, 5 
01/17/2004, 48, 32, 09, 45, 08, 15, 5 
01/21/2004, 17, 45, 41, 34, 13, 17, 4 
01/24/2004, 01, 38, 37, 05, 53, 31, 3 
01/28/2004, 17, 13, 08, 39, 48, 34, 4 
01/31/2004, 37, 06, 03, 27, 41, 38, 4 
02/04/2004, 17, 07, 32, 25, 12, 33, 2 
02/07/2004, 46, 39, 31, 35, 34, 03, 2 
02/11/2004, 05, 50, 52, 16, 28, 04, 4 
02/14/2004, 25, 10, 35, 43, 24, 32, 5 
02/18/2004, 50, 36, 24, 04, 44, 02, 4 
02/21/2004, 22, 26, 53, 48, 15, 14, 5 
02/25/2004, 04, 47, 17, 11, 05, 35, 5 
02/28/2004, 25, 52, 53, 06, 26, 40, 2 
03/03/2004, 23, 11, 17, 53, 05, 34, 2 
03/06/2004, 49, 46, 17, 51, 09, 09, 5 
03/10/2004, 10, 41, 22, 20, 49, 06, 5 
03/13/2004, 50, 44, 11, 48, 45, 02, 3 
03/17/2004, 24, 15, 20, 43, 07, 05, 4 
03/20/2004, 44, 14, 24, 27, 02, 06, 5 
03/24/2004, 39, 47, 43, 20, 18, 31, 5 
03/27/2004, 30, 17, 02, 15, 34, 32, 2 
03/31/2004, 15, 31, 39, 34, 50, 35, 3 
04/03/2004, 43, 07, 26, 06, 32, 13, 3 
04/07/2004, 07, 37, 02, 35, 16, 10, 5 
04/10/2004, 02, 48, 30, 09, 47, 40, 2 
04/14/2004, 38, 22, 01, 20, 06, 22, 3 
04/17/2004, 41, 04, 42, 34, 29, 11, 5 
04/21/2004, 11, 08, 51, 42, 34, 27, 4 
04/24/2004, 02, 44, 35, 13, 22, 28, 2 
04/28/2004, 27, 34, 52, 49, 42, 23, 2 
05/01/2004, 01, 34, 47, 10, 39, 33, 3 
05/05/2004, 21, 25, 16, 09, 32, 08, 3 
05/08/2004, 37, 03, 43, 09, 17, 39, 4 
05/12/2004, 42, 45, 11, 31, 35, 35, 4 
05/15/2004, 01, 26, 46, 27, 43, 31, 2 
05/19/2004, 31, 14, 41, 37, 15, 31, 5 
05/22/2004, 01, 49, 42, 36, 07, 41, 5 
05/26/2004, 38, 10, 31, 03, 35, 16, 2 
05/29/2004, 01, 16, 32, 39, 30, 02, 5 
06/02/2004, 26, 06, 12, 29, 05, 30, 5 
06/05/2004, 41, 05, 42, 39, 26, 39, 5 
06/09/2004, 31, 50, 37, 01, 33, 40, 2 
06/12/2004, 06, 52, 48, 43, 20, 28, 3 
06/16/2004, 16, 18, 48, 39, 26, 22, 5 
06/19/2004, 02, 37, 36, 48, 09, 16, 2 
06/23/2004, 16, 20, 09, 12, 39, 01, 5 
06/26/2004, 17, 47, 09, 32, 41, 08, 5 
06/30/2004, 47, 45, 02, 31, 29, 04, 5 
07/03/2004, 03, 30, 08, 47, 12, 23, 4 
07/07/2004, 41, 34, 30, 25, 18, 10, 5 
07/10/2004, 17, 44, 23, 16, 26, 13, 4 
07/14/2004, 09, 49, 24, 45, 50, 37, 3 
07/17/2004, 23, 45, 50, 20, 36, 09, 3 
07/21/2004, 42, 38, 46, 31, 03, 02, 5 
07/24/2004, 52, 29, 02, 03, 13, 25, 4 
07/28/2004, 40, 04, 39, 19, 50, 22, 3 
07/31/2004, 47, 31, 14, 35, 45, 35, 3 
08/04/2004, 37, 11, 26, 22, 51, 21, 5 
08/07/2004, 16, 34, 09, 08, 48, 08, 5 
08/11/2004, 10, 33, 05, 51, 29, 35, 5 
08/14/2004, 04, 10, 43, 18, 11, 41, 3 
08/18/2004, 35, 40, 42, 33, 31, 40, 2 
08/21/2004, 40, 27, 39, 16, 03, 03, 5 
08/25/2004, 32, 01, 50, 30, 37, 19, 5 
08/28/2004, 35, 06, 30, 45, 39, 31, 3 
09/01/2004, 44, 45, 33, 51, 31, 31, 4 
09/04/2004, 46, 15, 26, 25, 13, 28, 2 
09/08/2004, 28, 04, 02, 33, 52, 18, 3 
09/11/2004, 36, 25, 49, 46, 34, 09, 2 
09/15/2004, 28, 17, 01, 50, 08, 20, 4 
09/18/2004, 14, 36, 31, 02, 27, 09, 4 
09/22/2004, 37, 06, 34, 14, 40, 07, 5 
09/25/2004, 41, 11, 40, 48, 25, 03, 5 
09/29/2004, 35, 16, 37, 28, 33, 17, 3 
10/02/2004, 32, 35, 29, 13, 02, 04, 4 
10/06/2004, 50, 19, 44, 05, 06, 28, 4 
10/09/2004, 10, 48, 47, 03, 01, 27, 3 
10/13/2004, 17, 45, 46, 05, 14, 41, 4 
10/16/2004, 22, 42, 05, 36, 20, 11, 2 
10/20/2004, 41, 46, 11, 17, 01, 24, 5 
10/23/2004, 49, 50, 15, 52, 24, 40, 5 
10/27/2004, 40, 51, 44, 11, 17, 21, 5 
10/30/2004, 20, 27, 48, 40, 30, 11, 2 
11/03/2004, 48, 43, 45, 11, 35, 42, 4 
11/06/2004, 18, 22, 33, 40, 38, 19, 3 
11/10/2004, 14, 43, 45, 21, 29, 26, 2 
11/13/2004, 33, 34, 26, 05, 06, 13, 5 
11/17/2004, 31, 15, 46, 25, 36, 37, 2 
11/20/2004, 45, 50, 48, 04, 29, 01, 2 
11/24/2004, 47, 49, 53, 03, 19, 04, 4 
11/27/2004, 16, 35, 47, 36, 28, 31, 2 
12/01/2004, 44, 28, 36, 38, 03, 01, 4 
12/04/2004, 30, 09, 22, 06, 16, 04, 4 
12/08/2004, 17, 13, 50, 35, 45, 02, 2 
12/11/2004, 16, 53, 41, 07, 06, 23, 5 
12/15/2004, 38, 01, 53, 11, 06, 11, 4 
12/18/2004, 30, 01, 29, 25, 45, 12, 3 
12/22/2004, 07, 11, 31, 24, 02, 18, 5 
12/25/2004, 39, 29, 32, 53, 45, 16, 3 
12/29/2004, 44, 33, 29, 38, 24, 07, 5 
01/01/2005, 47, 22, 23, 26, 44, 12, 5 
01/05/2005, 10, 07, 37, 04, 30, 37, 5 
01/08/2005, 11, 22, 24, 09, 43, 02, 4 
01/12/2005, 50, 21, 27, 38, 23, 38, 5 
01/15/2005, 37, 49, 21, 51, 26, 25, 5 
01/19/2005, 49, 32, 09, 18, 33, 27, 3 
01/22/2005, 33, 32, 34, 11, 23, 38, 4 
01/26/2005, 05, 32, 48, 47, 43, 33, 2 
01/29/2005, 41, 29, 20, 16, 11, 12, 5 
02/02/2005, 16, 44, 40, 10, 11, 02, 5 
02/05/2005, 44, 11, 34, 47, 37, 23, 5 
02/09/2005, 10, 15, 09, 18, 29, 09, 5 
02/12/2005, 50, 21, 28, 18, 49, 16, 5 
02/16/2005, 48, 21, 41, 27, 25, 25, 5 
02/19/2005, 12, 15, 18, 52, 27, 36, 3 
02/23/2005, 04, 48, 15, 10, 51, 13, 4 
02/26/2005, 33, 22, 49, 30, 08, 06, 5 
03/02/2005, 48, 18, 46, 03, 10, 08, 5 
03/05/2005, 40, 09, 27, 53, 13, 28, 2 
03/09/2005, 20, 17, 10, 23, 45, 31, 3 
03/12/2005, 40, 23, 52, 46, 07, 41, 5 
03/16/2005, 19, 38, 11, 25, 50, 35, 2 
03/19/2005, 41, 01, 21, 32, 28, 09, 4 
03/23/2005, 29, 23, 40, 45, 37, 38, 5 
03/26/2005, 35, 12, 09, 51, 41, 36, 5 
03/30/2005, 28, 39, 22, 32, 33, 42, 5 
04/02/2005, 11, 09, 05, 17, 46, 39, 5 
04/06/2005, 05, 14, 11, 51, 22, 17, 3 
04/09/2005, 46, 11, 01, 35, 53, 29, 3 
04/13/2005, 37, 51, 06, 13, 52, 25, 5 
04/16/2005, 11, 44, 38, 51, 45, 41, 2 
04/20/2005, 07, 16, 33, 34, 46, 27, 5 
04/23/2005, 15, 08, 50, 09, 13, 09, 3 
04/27/2005, 42, 11, 32, 13, 18, 04, 5 
04/30/2005, 08, 48, 32, 15, 17, 24, 4 
05/04/2005, 27, 33, 40, 10, 21, 02, 2 
05/07/2005, 47, 44, 23, 21, 39, 19, 2 
05/11/2005, 46, 49, 05, 48, 25, 06, 5 
05/14/2005, 49, 21, 29, 38, 52, 42, 2 
05/18/2005, 17, 07, 20, 13, 35, 35, 5 
05/21/2005, 07, 30, 05, 10, 02, 23, 2 
05/25/2005, 29, 46, 27, 31, 42, 33, 2 
05/28/2005, 39, 24, 05, 28, 07, 36, 4 
06/01/2005, 34, 50, 39, 42, 15, 12, 2 
06/04/2005, 16, 44, 07, 38, 48, 18, 4 
06/08/2005, 36, 10, 43, 40, 42, 42, 5 
06/11/2005, 03, 46, 10, 24, 14, 37, 3 
06/15/2005, 39, 20, 22, 14, 44, 14, 5 
06/18/2005, 10, 05, 24, 16, 08, 05, 5 
06/22/2005, 13, 51, 42, 23, 09, 15, 5 
06/25/2005, 28, 32, 40, 07, 31, 14, 2 
06/29/2005, 42, 08, 49, 22, 03, 39, 5 
07/02/2005, 29, 09, 10, 52, 39, 20, 4 
07/06/2005, 12, 25, 48, 02, 30, 38, 4 
07/09/2005, 53, 39, 08, 09, 47, 04, 5 
07/13/2005, 05, 23, 43, 04, 13, 34, 4 
07/16/2005, 50, 33, 32, 41, 08, 22, 5 
07/20/2005, 51, 07, 32, 39, 06, 31, 2 
07/23/2005, 28, 13, 20, 32, 16, 36, 5 
07/27/2005, 04, 13, 10, 29, 01, 03, 5 
07/30/2005, 14, 38, 35, 08, 46, 24, 5 
08/03/2005, 39, 05, 24, 19, 28, 24, 5 
08/06/2005, 09, 01, 19, 36, 53, 33, 3 
08/10/2005, 31, 13, 49, 38, 36, 02, 5 
08/13/2005, 02, 37, 43, 18, 01, 37, 4 
08/17/2005, 08, 43, 53, 30, 03, 15, 5 
08/20/2005, 27, 13, 28, 29, 49, 36, 4 
08/24/2005, 35, 09, 26, 11, 51, 32, 5 
08/27/2005, 08, 39, 31, 44, 22, 11, 5 
08/31/2005, 17, 19, 13, 50, 41, 13, 2 
09/03/2005, 30, 03, 31, 01, 43, 36, 4 
09/07/2005, 32, 50, 12, 40, 54, 37, 3 
09/10/2005, 10, 11, 08, 48, 50, 16, 4 
09/14/2005, 24, 50, 21, 42, 49, 01, 4 
09/17/2005, 49, 52, 05, 09, 27, 06, 2 
09/21/2005, 35, 28, 34, 03, 50, 08, 3 
09/24/2005, 02, 10, 43, 55, 31, 14, 5 
09/28/2005, 07, 22, 27, 48, 50, 17, 2 
10/01/2005, 18, 54, 38, 08, 45, 23, 5 
10/05/2005, 25, 30, 45, 02, 15, 17, 5 
10/08/2005, 26, 31, 35, 50, 46, 28, 5 
10/12/2005, 54, 51, 09, 18, 04, 10, 5 
10/15/2005, 34, 01, 07, 08, 45, 15, 3 
10/19/2005, 49, 21, 44, 07, 43, 29, 5 
10/22/2005, 36, 06, 53, 51, 07, 17, 5 
10/26/2005, 43, 39, 02, 42, 10, 23, 3 
10/29/2005, 41, 50, 22, 19, 14, 21, 4 
11/02/2005, 41, 14, 06, 11, 27, 38, 5 
11/05/2005, 37, 25, 50, 29, 07, 17, 4 
11/09/2005, 05, 49, 14, 13, 31, 30, 2 
11/12/2005, 48, 41, 17, 55, 37, 39, 4 
11/16/2005, 05, 20, 44, 21, 18, 27, 3 
11/19/2005, 15, 54, 20, 41, 08, 22, 3 
11/23/2005, 24, 25, 09, 27, 12, 33, 4 
11/26/2005, 34, 28, 53, 37, 45, 32, 5 
11/30/2005, 42, 23, 19, 27, 52, 01, 5 
12/03/2005, 02, 26, 42, 15, 37, 36, 3 
12/07/2005, 45, 30, 54, 41, 19, 14, 5 
12/10/2005, 45, 34, 42, 03, 21, 39, 4 
12/14/2005, 45, 15, 08, 16, 51, 11, 5 
12/17/2005, 24, 44, 53, 36, 46, 18, 5 
12/21/2005, 23, 43, 12, 16, 09, 37, 3 
12/24/2005, 04, 10, 34, 50, 33, 14, 2 
12/28/2005, 12, 46, 15, 54, 30, 01, 3 
12/31/2005, 43, 04, 46, 30, 37, 42, 2 
01/04/2006, 23, 10, 48, 54, 42, 03, 4 
01/07/2006, 02, 21, 43, 32, 16, 06, 4 
01/11/2006, 18, 14, 03, 17, 06, 14, 2 
01/14/2006, 49, 14, 06, 46, 40, 17, 5 
01/18/2006, 53, 38, 15, 29, 52, 07, 2 
01/21/2006, 54, 18, 03, 39, 43, 41, 3 
01/25/2006, 52, 37, 50, 43, 10, 14, 5 
01/28/2006, 26, 15, 28, 36, 14, 36, 3 
02/01/2006, 13, 30, 55, 11, 35, 37, 4 
02/04/2006, 38, 30, 04, 13, 12, 30, 4 
02/08/2006, 48, 32, 25, 14, 54, 10, 5 
02/11/2006, 38, 07, 51, 40, 52, 14, 4 
02/15/2006, 39, 35, 03, 13, 40, 37, 5 
02/18/2006, 44, 48, 15, 43, 17, 29, 4 
02/22/2006, 47, 53, 23, 55, 09, 39, 2 
02/25/2006, 51, 03, 48, 46, 37, 22, 4 
03/01/2006, 25, 10, 35, 41, 38, 23, 5 
03/04/2006, 13, 52, 22, 55, 27, 26, 5 
03/08/2006, 05, 07, 21, 01, 43, 20, 5 
03/11/2006, 54, 37, 35, 52, 16, 33, 10
03/15/2006, 36, 48, 54, 07, 12, 37, 5 
03/18/2006, 25, 01, 36, 42, 34, 19, 2 
03/22/2006, 45, 38, 23, 22, 18, 31, 2 
03/25/2006, 20, 37, 34, 45, 39, 32, 4 
03/29/2006, 24, 28, 54, 02, 14, 13, 2 
04/01/2006, 55, 10, 50, 01, 23, 29, 3 
04/05/2006, 29, 39, 09, 24, 03, 42, 2 
04/08/2006, 35, 04, 43, 44, 23, 35, 3 
04/12/2006, 34, 41, 26, 35, 16, 24, 4 
04/15/2006, 46, 23, 13, 28, 18, 33, 3 
04/19/2006, 32, 53, 34, 05, 28, 10, 4 
04/22/2006, 04, 06, 27, 05, 18, 24, 5 
04/26/2006, 55, 26, 48, 24, 12, 14, 4 
04/29/2006, 19, 40, 35, 30, 41, 14, 5 
05/03/2006, 38, 19, 06, 42, 04, 37, 2 
05/06/2006, 38, 12, 32, 23, 25, 27, 2 
05/10/2006, 04, 03, 11, 44, 37, 24, 3 
05/13/2006, 30, 54, 19, 47, 28, 13, 3 
05/17/2006, 15, 26, 24, 35, 17, 38, 4 
05/20/2006, 23, 02, 09, 44, 45, 38, 2 
05/24/2006, 03, 12, 47, 51, 02, 10, 3 
05/27/2006, 41, 06, 27, 23, 47, 19, 3 
05/31/2006, 49, 22, 20, 43, 10, 03, 5 
06/03/2006, 20, 05, 18, 50, 06, 35, 5 
06/07/2006, 20, 10, 04, 26, 40, 08, 5 
06/10/2006, 36, 54, 24, 26, 16, 11, 3 
06/14/2006, 04, 40, 14, 48, 15, 12, 3 
06/17/2006, 39, 48, 20, 22, 10, 25, 4 
06/21/2006, 11, 19, 22, 43, 45, 34, 3 
06/24/2006, 39, 08, 47, 11, 30, 23, 3 
06/28/2006, 45, 51, 08, 16, 02, 32, 5 
07/01/2006, 40, 35, 42, 02, 31, 34, 3 
07/05/2006, 26, 52, 39, 41, 53, 20, 2 
07/08/2006, 50, 44, 49, 32, 37, 13, 4 
07/12/2006, 31, 33, 30, 18, 19, 15, 5 
07/15/2006, 36, 20, 47, 50, 35, 05, 4 
07/19/2006, 44, 50, 02, 38, 32, 21, 4 
07/22/2006, 40, 47, 14, 55, 54, 06, 4 
07/26/2006, 10, 05, 24, 17, 43, 31, 4 
07/29/2006, 14, 39, 55, 19, 26, 29, 4 
08/02/2006, 24, 19, 10, 16, 13, 15, 4 
08/05/2006, 48, 50, 03, 09, 02, 23, 2 
08/09/2006, 52, 19, 43, 41, 16, 35, 2 
08/12/2006, 14, 54, 27, 18, 13, 32, 5 
08/16/2006, 22, 02, 13, 50, 48, 02, 4 
08/19/2006, 12, 51, 29, 22, 26, 09, 3 
08/23/2006, 17, 08, 51, 24, 38, 31, 5 
08/26/2006, 26, 24, 42, 38, 46, 16, 5 
08/30/2006, 35, 03, 19, 43, 33, 01, 4 
09/02/2006, 24, 28, 03, 49, 08, 25, 4 
09/06/2006, 27, 35, 21, 55, 02, 01, 4 
09/09/2006, 20, 47, 03, 22, 19, 02, 2 
09/13/2006, 15, 47, 19, 45, 26, 03, 4 
09/16/2006, 26, 42, 27, 07, 08, 12, 5 
09/20/2006, 54, 08, 07, 29, 17, 26, 2 
09/23/2006, 21, 45, 26, 13, 50, 20, 4 
09/27/2006, 49, 23, 33, 35, 28, 16, 3 
09/30/2006, 30, 32, 15, 39, 06, 05, 5 
10/04/2006, 39, 27, 07, 03, 40, 08, 5 
10/07/2006, 04, 31, 45, 03, 08, 12, 5 
10/11/2006, 38, 10, 35, 05, 12, 09, 4 
10/14/2006, 26, 15, 01, 17, 40, 19, 2 
10/18/2006, 41, 02, 24, 34, 48, 24, 3 
10/21/2006, 45, 55, 29, 09, 31, 07, 4 
10/25/2006, 16, 40, 43, 48, 42, 01, 5 
10/28/2006, 38, 22, 41, 30, 14, 12, 5 
11/01/2006, 46, 54, 13, 07, 08, 35, 2 
11/04/2006, 44, 13, 34, 12, 39, 05, 5 
11/08/2006, 12, 53, 08, 11, 26, 04, 4 
11/11/2006, 40, 49, 38, 35, 55, 41, 2 
11/15/2006, 11, 28, 43, 30, 34, 29, 3 
11/18/2006, 42, 36, 19, 01, 08, 20, 2 
11/22/2006, 22, 49, 32, 36, 55, 08, 5 
11/25/2006, 55, 49, 28, 05, 18, 38, 5 
11/29/2006, 02, 09, 12, 08, 19, 25, 3 
12/02/2006, 42, 34, 50, 45, 17, 11, 3 
12/06/2006, 38, 36, 35, 07, 34, 14, 4 
12/09/2006, 52, 22, 19, 34, 30, 40, 4 
12/13/2006, 33, 32, 19, 54, 42, 15, 3 
12/16/2006, 28, 17, 36, 05, 51, 05, 4 
12/20/2006, 06, 26, 14, 01, 34, 34, 5 
12/23/2006, 27, 43, 53, 08, 52, 05, 5 
12/27/2006, 14, 29, 16, 27, 41, 29, 3 
12/30/2006, 31, 28, 23, 09, 36, 26, 5 
01/03/2007, 12, 55, 24, 35, 10, 31, 3 
01/06/2007, 24, 40, 01, 50, 49, 38, 4 
01/10/2007, 45, 54, 42, 53, 36, 36, 2 
01/13/2007, 21, 01, 26, 23, 25, 04, 2 
01/17/2007, 52, 35, 16, 49, 50, 31, 2 
01/20/2007, 01, 38, 05, 26, 32, 30, 5 
01/24/2007, 53, 29, 09, 42, 19, 17, 3 
01/27/2007, 10, 26, 19, 32, 27, 14, 5 
01/31/2007, 48, 42, 02, 25, 15, 14, 4 
02/03/2007, 13, 20, 33, 42, 12, 37, 5 
02/07/2007, 22, 04, 28, 37, 52, 10, 3 
02/10/2007, 41, 11, 16, 42, 02, 16, 3 
02/14/2007, 03, 30, 26, 54, 55, 15, 3 
02/17/2007, 35, 01, 15, 37, 45, 32, 3 
02/21/2007, 08, 02, 29, 22, 37, 03, 3 
02/24/2007, 42, 55, 38, 54, 36, 24, 3 
02/28/2007, 41, 20, 13, 42, 53, 02, 3 
03/03/2007, 16, 22, 05, 01, 48, 06, 3 
03/07/2007, 18, 16, 46, 19, 13, 36, 5 
03/10/2007, 42, 18, 43, 34, 14, 32, 5 
03/14/2007, 44, 04, 27, 30, 39, 18, 2 
03/17/2007, 17, 47, 44, 07, 54, 03, 3 
03/21/2007, 53, 38, 24, 54, 16, 05, 5 
03/24/2007, 53, 38, 40, 10, 48, 03, 5 
03/28/2007, 47, 06, 35, 20, 37, 01, 2 
03/31/2007, 36, 05, 02, 16, 40, 36, 2 
04/04/2007, 39, 19, 53, 30, 40, 16, 5 
04/07/2007, 28, 55, 54, 02, 31, 23, 4 
04/11/2007, 42, 51, 06, 38, 15, 18, 2 
04/14/2007, 12, 49, 21, 36, 38, 18, 10
04/18/2007, 13, 10, 24, 12, 06, 19, 3 
04/21/2007, 45, 26, 28, 22, 33, 17, 4 
04/25/2007, 14, 12, 13, 17, 53, 11, 4 
04/28/2007, 16, 43, 46, 49, 22, 10, 4 
05/02/2007, 40, 01, 08, 47, 35, 09, 3 
05/05/2007, 29, 21, 13, 40, 50, 06, 2 
05/09/2007, 44, 02, 52, 30, 13, 40, 4 
05/12/2007, 30, 51, 53, 44, 46, 25, 3 
05/16/2007, 42, 07, 16, 06, 34, 23, 2 
05/19/2007, 26, 19, 45, 21, 03, 02, 2 
05/23/2007, 38, 24, 03, 11, 36, 06, 4 
05/26/2007, 21, 05, 46, 01, 51, 29, 4 
05/30/2007, 55, 07, 54, 23, 35, 28, 2 
06/02/2007, 02, 36, 22, 32, 47, 36, 5 
06/06/2007, 45, 14, 48, 05, 09, 28, 4 
06/09/2007, 10, 07, 32, 25, 41, 22, 2 
06/13/2007, 47, 28, 13, 30, 10, 26, 3 
06/16/2007, 08, 47, 04, 51, 32, 27, 5 
06/20/2007, 32, 31, 55, 37, 23, 35, 3 
06/23/2007, 27, 43, 14, 15, 53, 28, 4 
06/27/2007, 09, 13, 11, 24, 43, 18, 4 
06/30/2007, 38, 39, 47, 24, 46, 26, 3 
07/04/2007, 17, 49, 15, 01, 02, 35, 5 
07/07/2007, 47, 21, 41, 15, 27, 20, 3 
07/11/2007, 43, 42, 20, 29, 08, 35, 5 
07/14/2007, 01, 36, 30, 34, 21, 37, 5 
07/18/2007, 09, 42, 14, 40, 03, 03, 4 
07/21/2007, 46, 39, 30, 14, 43, 14, 4 
07/25/2007, 28, 35, 47, 40, 53, 30, 5 
07/28/2007, 19, 24, 47, 27, 15, 11, 5 
08/01/2007, 16, 52, 09, 23, 51, 12, 5 
08/04/2007, 27, 24, 02, 36, 23, 03, 2 
08/08/2007, 52, 21, 09, 16, 30, 09, 2 
08/11/2007, 37, 01, 11, 10, 40, 20, 4 
08/15/2007, 19, 51, 24, 22, 38, 09, 2 
08/18/2007, 15, 12, 31, 28, 50, 12, 5 
08/22/2007, 12, 37, 48, 40, 50, 37, 4 
08/25/2007, 23, 29, 35, 08, 02, 19, 3 
08/29/2007, 33, 47, 13, 16, 44, 29, 3 
09/01/2007, 19, 39, 23, 37, 12, 13, 4 
09/05/2007, 48, 30, 21, 20, 11, 18, 2 
09/08/2007, 12, 30, 07, 48, 28, 40, 2 
09/12/2007, 47, 05, 24, 26, 33, 01, 4 
09/15/2007, 51, 48, 16, 13, 27, 21, 5 
09/19/2007, 26, 25, 20, 46, 45, 15, 3 
09/22/2007, 04, 09, 18, 55, 43, 03, 3 
09/26/2007, 27, 54, 25, 31, 44, 08, 2 
09/29/2007, 38, 55, 33, 31, 49, 39, 3 
10/03/2007, 02, 04, 15, 28, 14, 23, 4 
10/06/2007, 33, 32, 51, 08, 30, 02, 3 
10/10/2007, 31, 54, 33, 16, 12, 05, 4 
10/13/2007, 21, 34, 36, 30, 49, 42, 3 
10/17/2007, 46, 15, 42, 19, 14, 37, 4 
10/20/2007, 40, 10, 11, 37, 54, 10, 3 
10/24/2007, 10, 52, 11, 49, 18, 02, 4 
10/27/2007, 13, 25, 30, 40, 43, 12, 4 
10/31/2007, 29, 18, 06, 37, 16, 24, 2 
11/03/2007, 01, 38, 40, 53, 31, 42, 2 
11/07/2007, 46, 22, 35, 52, 29, 02, 5 
11/10/2007, 06, 26, 30, 24, 22, 12, 4 
11/14/2007, 16, 30, 20, 18, 48, 06, 2 
11/17/2007, 53, 52, 49, 27, 17, 23, 3 
11/21/2007, 13, 11, 20, 03, 40, 20, 2 
11/24/2007, 07, 01, 23, 35, 13, 19, 5 
11/28/2007, 23, 39, 08, 32, 37, 38, 3 
12/01/2007, 41, 32, 39, 55, 07, 13, 2 
12/05/2007, 08, 55, 21, 15, 01, 41, 3 
12/08/2007, 31, 08, 29, 25, 04, 41, 3 
12/12/2007, 07, 40, 55, 33, 14, 15, 5 
12/15/2007, 47, 22, 37, 48, 50, 17, 3 
12/19/2007, 22, 15, 42, 18, 23, 37, 3 
12/22/2007, 34, 10, 38, 05, 11, 21, 4 
12/26/2007, 55, 32, 08, 54, 41, 20, 3 
12/29/2007, 08, 12, 49, 17, 35, 18, 4 
01/02/2008, 31, 34, 48, 11, 02, 05, 4 
01/05/2008, 33, 11, 16, 04, 40, 09, 4 
01/09/2008, 02, 20, 13, 23, 21, 24, 3 
01/12/2008, 47, 53, 43, 23, 39, 14, 3 
01/16/2008, 09, 18, 47, 38, 19, 11, 5 
01/19/2008, 28, 20, 23, 25, 27, 02, 5 
01/23/2008, 48, 47, 35, 04, 16, 39, 3 
01/26/2008, 39, 53, 35, 11, 54, 24, 2 
01/30/2008, 55, 02, 17, 41, 54, 17, 2 
02/02/2008, 14, 44, 25, 26, 16, 30, 3 
02/06/2008, 03, 43, 05, 42, 12, 05, 5 
02/09/2008, 24, 04, 23, 43, 30, 28, 5 
02/13/2008, 32, 13, 38, 51, 19, 30, 3 
02/16/2008, 03, 49, 04, 20, 08, 18, 3 
02/20/2008, 20, 09, 36, 22, 12, 31, 3 
02/23/2008, 23, 29, 08, 13, 47, 32, 3 
02/27/2008, 37, 48, 53, 20, 24, 11, 5 
03/01/2008, 31, 21, 19, 02, 55, 19, 4 
03/05/2008, 10, 15, 23, 16, 31, 05, 3 
03/08/2008, 29, 49, 17, 34, 31, 16, 2 
03/12/2008, 30, 12, 34, 19, 36, 08, 4 
03/15/2008, 06, 42, 43, 47, 22, 16, 2 
03/19/2008, 29, 06, 08, 49, 41, 42, 4 
03/22/2008, 48, 46, 28, 25, 07, 19, 3 
03/26/2008, 20, 37, 49, 09, 12, 17, 2 
03/29/2008, 18, 36, 31, 25, 20, 07, 5 
04/02/2008, 37, 01, 55, 44, 34, 33, 4 
04/05/2008, 30, 47, 27, 12, 37, 26, 5 
04/09/2008, 46, 13, 32, 03, 19, 18, 4 
04/12/2008, 52, 11, 55, 48, 29, 36, 4 
04/16/2008, 21, 18, 11, 16, 51, 16, 10
04/19/2008, 24, 13, 19, 39, 33, 08, 3 
04/23/2008, 22, 39, 21, 20, 11, 01, 10
04/26/2008, 27, 45, 07, 12, 17, 24, 5 
04/30/2008, 25, 51, 43, 17, 01, 38, 3 
05/03/2008, 28, 02, 36, 46, 42, 40, 3 
05/07/2008, 42, 26, 25, 28, 09, 26, 2 
05/10/2008, 30, 07, 18, 45, 41, 06, 2 
05/14/2008, 46, 29, 21, 32, 19, 32, 2 
05/17/2008, 12, 21, 14, 15, 43, 30, 3 
05/21/2008, 21, 33, 42, 07, 16, 25, 4 
05/24/2008, 40, 33, 51, 52, 41, 06, 2 
05/28/2008, 18, 45, 22, 10, 37, 09, 2 
05/31/2008, 09, 17, 03, 14, 25, 08, 4 
06/04/2008, 18, 05, 52, 40, 20, 03, 3 
06/07/2008, 26, 44, 34, 12, 48, 09, 2 
06/11/2008, 07, 49, 18, 28, 21, 01, 5 
06/14/2008, 50, 31, 09, 20, 11, 14, 4 
06/18/2008, 52, 09, 31, 39, 12, 32, 4 
06/21/2008, 08, 07, 50, 31, 09, 31, 2 
06/25/2008, 53, 45, 14, 21, 25, 09, 2 
06/28/2008, 26, 32, 14, 34, 44, 06, 3 
07/02/2008, 46, 33, 52, 48, 04, 17, 5 
07/05/2008, 24, 47, 34, 01, 48, 18, 5 
07/09/2008, 05, 31, 07, 49, 53, 14, 4 
07/12/2008, 20, 50, 12, 02, 22, 17, 2 
07/16/2008, 03, 23, 15, 42, 29, 17, 4 
07/19/2008, 55, 46, 53, 06, 28, 02, 3 
07/23/2008, 52, 11, 14, 35, 41, 02, 4 
07/26/2008, 51, 55, 21, 12, 13, 18, 4 
07/30/2008, 25, 55, 03, 51, 45, 13, 3 
08/02/2008, 05, 28, 33, 02, 54, 30, 5 
08/06/2008, 24, 37, 05, 36, 51, 19, 4 
08/09/2008, 53, 40, 32, 49, 43, 21, 5 
08/13/2008, 31, 10, 05, 23, 19, 26, 4 
08/16/2008, 05, 43, 34, 52, 40, 20, 5 
08/20/2008, 15, 24, 47, 35, 16, 26, 2 
08/23/2008, 47, 33, 18, 48, 24, 23, 3 
08/27/2008, 13, 49, 31, 48, 36, 11, 2 
08/30/2008, 14, 32, 47, 02, 15, 36, 3 
09/03/2008, 49, 38, 40, 46, 50, 34, 2 
09/06/2008, 26, 54, 49, 25, 17, 11, 4 
09/10/2008, 37, 28, 15, 53, 14, 18, 2 
09/13/2008, 29, 17, 07, 51, 43, 38, 2 
09/17/2008, 12, 26, 32, 23, 44, 20, 3 
09/20/2008, 47, 30, 40, 28, 06, 24, 5 
09/24/2008, 32, 36, 13, 21, 05, 33, 5 
09/27/2008, 40, 24, 13, 29, 52, 29, 4 
10/01/2008, 43, 39, 08, 09, 55, 26, 2 
10/04/2008, 39, 04, 32, 01, 26, 18, 5 
10/08/2008, 48, 12, 54, 17, 02, 02, 4 
10/11/2008, 39, 03, 17, 47, 07, 09, 4 
10/15/2008, 03, 13, 38, 32, 48, 13, 4 
10/18/2008, 40, 10, 14, 32, 49, 15, 4 
10/22/2008, 17, 52, 10, 33, 51, 05, 3 
10/25/2008, 48, 01, 03, 38, 14, 02, 2 
10/29/2008, 37, 50, 20, 30, 52, 33, 2 
11/01/2008, 40, 04, 41, 06, 26, 15, 4 
11/05/2008, 18, 33, 36, 04, 08, 32, 2 
11/08/2008, 40, 36, 04, 21, 02, 41, 2 
11/12/2008, 18, 45, 25, 01, 29, 02, 2 
11/15/2008, 07, 44, 08, 12, 03, 37, 2 
11/19/2008, 08, 45, 13, 39, 38, 31, 4 
11/22/2008, 19, 32, 26, 45, 17, 14, 4 
11/26/2008, 11, 31, 52, 26, 34, 14, 2 
11/29/2008, 05, 55, 33, 39, 36, 21, 4 
12/03/2008, 17, 21, 25, 16, 55, 03, 5 
12/06/2008, 53, 09, 39, 43, 35, 10, 5 
12/10/2008, 37, 06, 41, 24, 15, 37, 4 
12/13/2008, 40, 14, 28, 26, 31, 13, 2 
12/17/2008, 11, 07, 30, 24, 18, 26, 4 
12/20/2008, 03, 19, 32, 54, 14, 24, 5 
12/24/2008, 17, 02, 32, 22, 41, 08, 5 
12/27/2008, 12, 43, 15, 31, 26, 10, 5 
12/31/2008, 11, 53, 08, 07, 17, 36, 5 
01/03/2009, 38, 22, 55, 24, 17, 24, 3 
01/07/2009, 31, 52, 23, 33, 38, 24, 5 
01/10/2009, 08, 56, 10, 18, 43, 09, 3 
01/14/2009, 46, 34, 25, 08, 39, 34, 5 
01/17/2009, 09, 05, 59, 23, 02, 26, 2 
01/21/2009, 26, 20, 54, 46, 38, 23, 4 
01/24/2009, 06, 37, 42, 20, 25, 25, 2 
01/28/2009, 10, 32, 18, 05, 23, 04, 4 
01/31/2009, 33, 26, 14, 41, 01, 37, 4 
02/04/2009, 24, 44, 30, 32, 07, 18, 4 
02/07/2009, 18, 53, 05, 28, 20, 27, 2 
02/11/2009, 05, 22, 45, 49, 10, 37, 2 
02/14/2009, 33, 08, 45, 09, 02, 05, 5 
02/18/2009, 44, 15, 56, 39, 02, 15, 3 
02/21/2009, 31, 46, 13, 45, 41, 21, 4 
02/25/2009, 32, 49, 42, 56, 17, 11, 4 
02/28/2009, 03, 58, 16, 20, 42, 07, 5 
03/04/2009, 06, 01, 44, 55, 49, 36, 2 
03/07/2009, 59, 27, 56, 28, 21, 21, 2 
03/11/2009, 13, 07, 47, 03, 34, 30, 5 
03/14/2009, 07, 44, 33, 30, 51, 10, 2 
03/18/2009, 16, 29, 26, 45, 41, 01, 2 
03/21/2009, 49, 27, 23, 52, 19, 21, 4 
03/25/2009, 23, 47, 10, 20, 54, 26, 2 
03/28/2009, 48, 02, 16, 41, 03, 19, 3 
04/01/2009, 02, 33, 41, 54, 09, 14, 3 
04/04/2009, 21, 57, 58, 14, 50, 07, 3 
04/08/2009, 52, 56, 01, 06, 48, 09, 5 
04/11/2009, 46, 49, 07, 35, 28, 20, 4 
04/15/2009, 59, 22, 26, 16, 27, 05, 2 
04/18/2009, 07, 28, 44, 43, 15, 20, 3 
04/22/2009, 30, 15, 48, 22, 37, 12, 2 
04/25/2009, 52, 42, 30, 08, 26, 15, 5 
04/29/2009, 06, 36, 50, 19, 59, 13, 5 
05/02/2009, 45, 20, 38, 42, 03, 27, 3 
05/06/2009, 12, 07, 22, 31, 08, 18, 5 
05/09/2009, 49, 32, 04, 15, 58, 21, 3 
05/13/2009, 30, 40, 37, 32, 19, 37, 3 
05/16/2009, 06, 07, 40, 56, 31, 38, 2 
05/20/2009, 23, 30, 42, 35, 31, 06, 2 
05/23/2009, 52, 19, 57, 34, 23, 21, 5 
05/27/2009, 05, 16, 06, 21, 12, 07, 3 
05/30/2009, 51, 42, 01, 59, 23, 20, 5 
06/03/2009, 22, 20, 32, 16, 37, 09, 2 
06/06/2009, 45, 10, 23, 30, 18, 02, 3 
06/10/2009, 26, 42, 58, 27, 15, 37, 2 
06/13/2009, 20, 41, 13, 35, 16, 06, 4 
06/17/2009, 53, 09, 37, 05, 42, 27, 5 
06/20/2009, 28, 22, 03, 11, 18, 33, 2 
06/24/2009, 53, 24, 51, 16, 18, 16, 5 
06/27/2009, 48, 39, 26, 18, 22, 17, 4 
07/01/2009, 38, 53, 09, 52, 32, 15, 2 
07/04/2009, 22, 04, 41, 44, 09, 14, 3 
07/08/2009, 50, 56, 42, 53, 19, 39, 2 
07/11/2009, 39, 01, 04, 42, 20, 02, 5 
07/15/2009, 26, 50, 57, 52, 51, 37, 5 
07/18/2009, 21, 26, 47, 04, 28, 37, 4 
07/22/2009, 06, 22, 04, 16, 32, 11, 2 
07/25/2009, 33, 05, 52, 46, 17, 09, 5 
07/29/2009, 38, 02, 43, 05, 59, 08, 2 
08/01/2009, 53, 37, 46, 39, 05, 08, 4 
08/05/2009, 34, 25, 41, 49, 46, 29, 3 
08/08/2009, 45, 37, 50, 33, 04, 11, 4 
08/12/2009, 32, 10, 25, 47, 34, 05, 3 
08/15/2009, 14, 26, 32, 15, 36, 12, 5 
08/19/2009, 43, 14, 31, 51, 24, 27, 5 
08/22/2009, 06, 51, 03, 20, 32, 23, 5 
08/26/2009, 43, 23, 01, 21, 30, 11, 3 
08/29/2009, 01, 53, 20, 37, 52, 33, 3 
09/02/2009, 23, 47, 36, 18, 59, 36, 4 
09/05/2009, 35, 27, 16, 09, 57, 29, 3 
09/09/2009, 16, 18, 51, 53, 04, 23, 4 
09/12/2009, 13, 28, 56, 41, 38, 25, 2 
09/16/2009, 17, 56, 37, 40, 51, 25, 2 
09/19/2009, 25, 24, 49, 30, 05, 23, 3 
09/23/2009, 07, 08, 29, 20, 25, 11, 5 
09/26/2009, 34, 20, 36, 39, 18, 19, 3 
09/30/2009, 52, 54, 41, 42, 57, 30, 3 
10/03/2009, 50, 57, 24, 12, 48, 22, 3 
10/07/2009, 02, 50, 38, 21, 20, 22, 3 
10/10/2009, 45, 49, 50, 13, 32, 30, 3 
10/14/2009, 15, 30, 05, 40, 25, 06, 2 
10/17/2009, 16, 05, 49, 30, 25, 39, 5 
10/21/2009, 34, 51, 45, 06, 16, 04, 2 
10/24/2009, 38, 22, 59, 49, 14, 16, 2 
10/28/2009, 51, 46, 26, 03, 11, 23, 5 
10/31/2009, 19, 26, 54, 41, 02, 23, 5 
11/04/2009, 51, 10, 45, 11, 14, 17, 3 
11/07/2009, 32, 37, 46, 50, 07, 26, 5 
11/11/2009, 12, 08, 22, 29, 14, 22, 2 
11/14/2009, 57, 30, 19, 48, 32, 14, 5 
11/18/2009, 58, 59, 32, 50, 42, 31, 4 
11/21/2009, 26, 36, 07, 49, 58, 04, 5 
11/25/2009, 18, 13, 04, 59, 49, 05, 2 
11/28/2009, 46, 50, 27, 28, 26, 21, 3 
12/02/2009, 37, 46, 14, 34, 55, 37, 4 
12/05/2009, 41, 58, 27, 39, 44, 17, 3 
12/09/2009, 58, 12, 05, 01, 13, 21, 5 
12/12/2009, 14, 41, 12, 13, 35, 29, 2 
12/16/2009, 23, 43, 25, 35, 13, 15, 5 
12/19/2009, 24, 41, 17, 47, 39, 21, 3 
12/23/2009, 52, 08, 49, 51, 32, 23, 4 
12/26/2009, 53, 41, 36, 32, 37, 30, 3 
12/30/2009, 05, 52, 14, 38, 39, 06, 3 
01/02/2010, 23, 03, 07, 42, 27, 37, 3 
01/06/2010, 56, 27, 29, 20, 58, 31, 2 
01/09/2010, 41, 44, 20, 54, 50, 22, 2 
01/13/2010, 32, 15, 08, 11, 50, 27, 3 
01/16/2010, 41, 08, 07, 55, 23, 23, 5 
01/20/2010, 46, 15, 43, 44, 32, 19, 4 
01/23/2010, 53, 16, 15, 42, 20, 17, 2 
01/27/2010, 15, 26, 31, 06, 20, 09, 5 
01/30/2010, 26, 35, 48, 47, 06, 21, 3 
02/03/2010, 37, 52, 22, 36, 17, 24, 2 
02/06/2010, 22, 54, 52, 14, 59, 04, 3 
02/10/2010, 29, 08, 37, 38, 05, 34, 5 
02/13/2010, 14, 10, 40, 51, 30, 01, 4 
02/17/2010, 36, 07, 26, 08, 19, 15, 3 
02/20/2010, 13, 54, 41, 37, 27, 32, 2 
02/24/2010, 50, 17, 57, 35, 04, 12, 2 
02/27/2010, 47, 18, 58, 53, 51, 30, 2 
03/03/2010, 14, 49, 09, 07, 45, 23, 4 
03/06/2010, 41, 33, 10, 59, 29, 15, 2 
03/10/2010, 41, 37, 17, 50, 21, 01, 2 
03/13/2010, 16, 36, 20, 06, 31, 08, 5 
03/17/2010, 55, 26, 48, 45, 24, 08, 2 
03/20/2010, 09, 36, 44, 45, 39, 09, 2 
03/24/2010, 14, 49, 39, 24, 20, 07, 3 
03/27/2010, 21, 07, 32, 52, 44, 10, 4 
03/31/2010, 13, 45, 54, 05, 17, 12, 5 
04/03/2010, 15, 59, 52, 10, 31, 04, 4 
04/07/2010, 36, 52, 44, 04, 40, 33, 2 
04/10/2010, 21, 22, 52, 49, 58, 34, 2 
04/14/2010, 14, 06, 32, 52, 38, 20, 3 
04/17/2010, 22, 41, 49, 21, 05, 15, 5 
04/21/2010, 11, 34, 55, 41, 49, 20, 2 
04/24/2010, 57, 56, 01, 53, 12, 05, 2 
04/28/2010, 28, 44, 12, 22, 25, 24, 4 
05/01/2010, 23, 25, 16, 49, 58, 20, 4 
05/05/2010, 47, 13, 34, 40, 57, 11, 4 
05/08/2010, 41, 05, 57, 34, 22, 31, 5 
05/12/2010, 52, 58, 53, 37, 51, 38, 2 
05/15/2010, 28, 15, 36, 23, 21, 20, 2 
05/19/2010, 07, 58, 55, 29, 02, 27, 3 
05/22/2010, 20, 19, 47, 57, 40, 29, 2 
05/26/2010, 06, 20, 10, 01, 13, 32, 4 
05/29/2010, 24, 03, 28, 01, 41, 10, 4 
06/02/2010, 39, 14, 43, 09, 04, 38, 4 
06/05/2010, 18, 34, 40, 59, 48, 25, 4 
06/09/2010, 22, 49, 27, 14, 32, 05, 4 
06/12/2010, 38, 13, 12, 09, 35, 30, 10
06/16/2010, 29, 18, 11, 36, 08, 06, 5 
06/19/2010, 54, 31, 09, 30, 50, 39, 3 
06/23/2010, 48, 11, 45, 30, 47, 10, 3 
06/26/2010, 57, 30, 13, 38, 32, 25, 4 
06/30/2010, 38, 43, 06, 48, 47, 27, 5 
07/03/2010, 52, 53, 03, 14, 10, 03, 3 
07/07/2010, 10, 41, 44, 56, 48, 04, 2 
07/10/2010, 28, 21, 20, 56, 27, 04, 4 
07/14/2010, 21, 23, 38, 20, 42, 06, 3 
07/17/2010, 27, 37, 22, 45, 35, 03, 4 
07/21/2010, 16, 58, 22, 30, 51, 25, 3 
07/24/2010, 59, 30, 46, 38, 20, 27, 2 
07/28/2010, 01, 11, 20, 27, 25, 02, 5 
07/31/2010, 01, 57, 16, 41, 17, 15, 3 
08/04/2010, 53, 30, 19, 37, 28, 36, 4 
08/07/2010, 52, 26, 31, 22, 04, 30, 5 
08/11/2010, 22, 52, 10, 23, 07, 29, 2 
08/14/2010, 58, 50, 36, 09, 33, 31, 2 
08/18/2010, 47, 04, 33, 32, 55, 39, 3 
08/21/2010, 07, 22, 10, 27, 12, 26, 2 
08/25/2010, 17, 36, 29, 16, 31, 23, 3 
08/28/2010, 32, 56, 04, 27, 22, 13, 4 
09/01/2010, 40, 20, 21, 17, 51, 19, 3 
09/04/2010, 33, 22, 42, 14, 11, 38, 2 
09/08/2010, 10, 57, 51, 35, 39, 20, 5 
09/11/2010, 36, 20, 59, 17, 07, 33, 4 
09/15/2010, 07, 20, 21, 34, 43, 34, 5 
09/18/2010, 18, 44, 01, 39, 37, 13, 4 
09/22/2010, 10, 36, 52, 24, 55, 15, 5 
09/25/2010, 08, 35, 27, 16, 42, 30, 2 
09/29/2010, 52, 13, 55, 44, 51, 30, 4 
10/02/2010, 30, 12, 36, 20, 47, 25, 4 
10/06/2010, 26, 41, 14, 37, 46, 24, 5 
10/09/2010, 42, 32, 49, 06, 02, 35, 3 
10/13/2010, 46, 34, 32, 22, 12, 02, 4 
10/16/2010, 28, 16, 12, 11, 15, 11, 2 
10/20/2010, 20, 39, 07, 17, 59, 17, 3 
10/23/2010, 20, 02, 46, 07, 16, 34, 4 
10/27/2010, 25, 24, 20, 59, 53, 15, 5 
10/30/2010, 49, 07, 27, 01, 36, 39, 5 
11/03/2010, 34, 45, 38, 39, 50, 33, 2 
11/06/2010, 07, 12, 23, 34, 38, 33, 4 
11/10/2010, 05, 08, 44, 40, 11, 10, 4 
11/13/2010, 30, 51, 17, 48, 54, 29, 5 
11/17/2010, 14, 59, 54, 53, 16, 05, 3 
11/20/2010, 12, 10, 38, 53, 57, 01, 5 
11/24/2010, 20, 08, 21, 37, 32, 04, 3 
11/27/2010, 47, 37, 30, 54, 10, 39, 5 
12/01/2010, 10, 05, 12, 11, 20, 02, 3 
12/04/2010, 27, 24, 42, 31, 13, 22, 5 
12/08/2010, 25, 08, 11, 58, 41, 16, 4 
12/11/2010, 01, 08, 19, 10, 20, 23, 2 
12/15/2010, 32, 18, 45, 10, 11, 18, 5 
12/18/2010, 43, 19, 04, 11, 33, 14, 4 
12/22/2010, 33, 11, 44, 47, 46, 12, 2 
12/25/2010, 52, 50, 01, 38, 17, 24, 2 
12/29/2010, 18, 37, 20, 16, 03, 30, 2 
01/01/2011,18,22,37,47,54,36,2
01/05/2011,22,26,32,38,40,7,5
01/08/2011,6,7,26,33,52,24,2
01/12/2011,19,21,23,40,48,27,4
01/15/2011,9,13,22,23,37,31,3
01/19/2011,22,36,51,56,59,32,3
01/22/2011,30,31,34,45,51,23,2
01/26/2011,4,5,36,47,58,6,3
01/29/2011,24,28,45,49,52,2,4
02/02/2011,3,14,33,53,57,36,4
02/05/2011,15,37,41,56,59,5,5
02/09/2011,7,11,39,42,51,30,4
02/12/2011,11,32,36,48,52,19,4
02/16/2011,9,13,21,23,48,24,2
02/19/2011,3,12,34,37,42,36,5
02/23/2011,29,32,36,39,49,29,3
02/26/2011,4,13,17,21,45,10,5
03/02/2011,7,31,50,51,58,6,2
03/05/2011,2,23,31,42,48,21,2
03/09/2011,12,20,28,40,48,8,2
03/12/2011,1,4,12,41,47,3,4
03/16/2011,28,39,40,48,53,9,3
03/19/2011,3,11,20,27,46,8,2
03/23/2011,5,15,26,28,32,9,2
03/26/2011,4,10,11,19,33,27,4
03/30/2011,19,20,42,56,58,37,4
04/02/2011,6,22,34,43,45,23,2
04/06/2011,10,18,41,55,56,15,2
04/09/2011,5,14,32,53,56,11,4
04/13/2011,4,23,39,49,50,39,3
04/16/2011,21,33,44,45,55,7,5
04/20/2011,9,24,34,36,43,27,3
04/23/2011,3,11,47,48,58,19,3
04/27/2011,4,24,40,44,55,5,2
04/30/2011,6,13,15,32,41,3,2
05/04/2011,3,15,27,29,41,24,4
05/07/2011,2,11,27,47,55,15,4
05/11/2011,9,17,32,43,45,31,3
05/14/2011,8,17,18,40,44,16,2
05/18/2011,7,12,13,42,49,16,4
05/21/2011,2,8,40,49,50,36,3
05/25/2011,4,23,31,42,50,23,2
05/28/2011,12,20,43,51,55,11,4
06/01/2011,8,18,38,46,56,31,4
06/04/2011,17,19,39,41,58,21,5
06/08/2011,14,37,44,45,53,29,5
03/10/2012,5,14,17,20,41,5,
03/14/2012,1,8,41,46,59,24,
03/17/2012,11,14,49,55,58,30,
03/21/2012,32,43,53,55,56,6,
03/24/2012,1,15,35,37,47,8,
03/28/2012,11,16,29,50,58,33,
03/31/2012,5,14,36,54,58,27,
04/04/2012,1,24,33,45,49,6,
04/07/2012,5,13,17,20,30,18,
04/11/2012,16,23,42,44,47,2,
04/14/2012,14,15,16,19,24,2,
04/18/2012,20,22,39,46,49,29,
04/21/2012,6,8,20,42,51,16,
04/25/2012,4,25,29,34,43,29,
04/28/2012,31,39,40,57,58,33,
05/02/2012,7,8,33,38,50,29,
05/05/2012,9,12,20,44,59,23,
05/09/2012,1,7,11,55,56,1,
05/12/2012,10,24,35,53,58,22,
05/16/2012,3,7,21,28,43,2,
05/19/2012,8,13,35,46,51,30,
05/23/2012,4,7,26,53,59,32,
05/26/2012,13,14,41,49,59,14,
05/30/2012,9,10,24,52,56,14,
06/02/2012,9,10,17,29,45,33,
06/06/2012,19,30,33,48,59,27,
06/09/2012,18,22,45,56,57,27,
06/13/2012,7,10,14,33,57,18,
06/16/2012,8,14,15,16,27,26,
06/20/2012,11,17,29,56,57,14,
06/23/2012,1,3,41,44,53,30,
06/27/2012,6,34,40,46,58,6,
06/30/2012,7,15,20,41,44,22,
07/04/2012,14,19,35,39,56,33,
07/07/2012,3,5,29,39,59,29,
07/11/2012,5,22,36,49,55,23,
07/14/2012,4,16,32,37,46,13,
07/18/2012,2,5,20,23,57,3,
07/21/2012,9,31,38,54,56,20,
07/25/2012,3,14,35,38,46,16,
07/28/2012,5,6,13,36,50,13,
08/01/2012,3,16,48,56,58,4,
08/04/2012,19,30,48,53,55,18,
08/08/2012,3,7,11,15,28,12,
08/11/2012,4,13,39,46,51,1,
08/15/2012,6,27,46,51,56,21,
08/18/2012,14,26,41,55,59,1,
08/22/2012,22,29,31,47,55,19,
08/25/2012,1,6,7,20,49,23,
08/29/2012,25,28,49,54,56,28,
09/01/2012,8,11,21,44,49,22,
09/05/2012,4,19,26,42,51,29,
09/08/2012,6,20,34,44,48,29,
09/12/2012,24,33,36,48,56,6,
09/15/2012,3,20,26,43,48,1,
09/19/2012,1,5,8,39,50,23,
09/22/2012,2,16,18,40,42,33,
09/26/2012,13,26,39,41,42,10,
09/29/2012,14,18,28,29,57,8,
10/03/2012,17,23,36,55,59,10,
10/06/2012,15,26,34,36,59,35,
10/10/2012,18,26,29,35,43,28,
10/13/2012,2,5,25,26,49,18,
10/17/2012,1,7,10,23,42,35,
10/20/2012,4,21,28,31,44,10,
10/24/2012,3,18,21,23,50,4,
10/27/2012,22,32,34,36,56,33,
10/31/2012,1,27,31,45,48,5,
11/03/2012,4,7,9,30,54,25,
11/07/2012,32,34,45,52,58,20,
11/10/2012,32,42,50,54,55,32,
11/14/2012,8,10,30,44,58,13,
11/17/2012,3,15,27,58,59,20,
11/21/2012,8,18,24,30,39,26,
11/24/2012,22,32,37,44,50,34,
11/28/2012,5,16,22,23,29,6,
12/01/2012,3,10,19,36,46,3,
12/05/2012,13,17,19,27,38,12,
12/08/2012,7,23,26,40,53,21,
12/12/2012,8,10,25,36,44,28,
12/15/2012,15,23,40,44,55,14,
12/19/2012,5,8,20,23,30,3,
12/22/2012,1,18,35,39,44,11,
12/26/2012,11,13,23,43,54,4,
12/29/2012,36,46,50,52,55,14,
01/02/2013,18,20,28,35,53,20,
01/05/2013,26,30,49,51,54,25,
01/09/2013,11,13,20,27,59,26,
01/12/2013,10,14,21,23,47,7,
01/16/2013,9,21,28,32,51,35,
01/19/2013,8,28,29,34,38,35,
01/23/2013,11,12,24,43,45,9,
01/26/2013,3,22,26,41,49,18,
01/30/2013,14,16,32,47,52,16,
02/02/2013,11,16,33,40,41,34,
02/06/2013,5,27,36,38,41,12,
02/09/2013,5,6,16,36,58,3,
02/13/2013,12,23,25,27,43,29,
02/16/2013,15,16,46,50,58,29,
02/20/2013,3,17,19,25,32,17,
02/23/2013,2,5,31,39,41,29,
02/27/2013,3,14,20,34,48,21,
03/02/2013,3,8,13,41,56,16,
03/06/2013,6,10,23,41,45,1,
03/09/2013,10,37,40,46,52,12,
03/13/2013,5,9,28,32,38,29,
03/16/2013,3,7,21,44,53,16,
03/20/2013,13,14,17,43,54,15,
03/23/2013,17,29,31,52,53,31,
03/27/2013,7,37,43,48,52,16,
03/30/2013,11,23,26,46,55,27,
04/03/2013,1,6,8,12,35,3,
04/06/2013,4,7,8,29,39,24,
04/10/2013,1,36,40,52,53,20,
04/13/2013,10,12,31,56,57,33,
04/17/2013,13,18,36,48,58,28,
04/20/2013,6,8,30,39,48,20,
04/24/2013,9,19,31,56,59,2,
04/27/2013,3,23,48,54,55,5,
05/01/2013,22,26,31,54,55,18,
05/04/2013,7,12,26,36,40,17,
05/08/2013,21,22,26,30,57,27,
05/11/2013,6,13,19,23,43,16,
05/15/2013,2,11,26,34,41,32,
05/18/2013,10,13,14,22,52,11,
05/22/2013,9,31,35,41,57,26,
05/25/2013,2,6,19,21,27,25,
05/29/2013,9,14,17,49,57,2,
06/01/2013,22,28,33,53,59,14,
06/05/2013,4,26,33,36,55,32,
06/08/2013,2,11,22,26,32,19,
06/12/2013,16,22,23,42,55,32,
06/15/2013,28,36,40,48,55,1,
06/19/2013,7,46,47,52,57,17,
06/22/2013,13,19,23,33,57,28,
06/26/2013,1,18,33,39,46,33,
06/29/2013,8,28,30,53,56,16,
07/03/2013,3,6,29,40,51,4,
07/06/2013,2,13,35,36,52,11,
07/10/2013,30,31,45,55,59,27,
07/13/2013,2,8,22,35,37,6,
07/17/2013,1,22,34,38,42,17,
07/20/2013,14,25,27,38,58,6,
07/24/2013,9,29,40,44,54,7,
07/27/2013,9,23,40,53,58,6,
07/31/2013,8,24,39,49,59,5,
08/03/2013,21,24,36,42,45,15,
08/07/2013,5,25,30,58,59,32,
08/10/2013,4,12,14,37,58,13,
08/14/2013,4,11,17,43,51,20,
08/17/2013,18,21,46,54,56,23,
08/21/2013,30,40,42,46,48,23,
08/24/2013,12,17,25,45,59,19,
08/28/2013,6,7,9,19,32,13,
08/31/2013,2,7,25,40,56,20,
09/04/2013,2,9,26,45,47,11,
09/07/2013,2,19,22,26,45,24,
09/11/2013,11,19,33,42,52,33,
09/14/2013,1,17,25,37,44,20,
09/18/2013,7,10,22,32,35,19,
09/21/2013,12,17,45,54,58,13,
09/25/2013,2,7,17,49,53,23,
09/28/2013,14,47,52,53,54,5,
10/02/2013,4,6,25,42,51,17,
10/05/2013,11,12,17,39,40,5,
10/09/2013,3,9,19,33,38,18,
10/12/2013,8,10,26,57,58,4,
10/16/2013,3,26,28,34,42,28,
10/19/2013,9,33,54,56,57,5,
10/23/2013,3,23,31,34,47,13,
10/26/2013,4,6,34,49,56,29,
10/30/2013,2,36,40,49,54,10,
11/02/2013,13,23,24,27,40,17,
11/06/2013,1,5,10,15,49,22,
11/09/2013,3,9,37,49,56,32,
11/13/2013,5,31,50,55,56,9,
11/16/2013,10,29,37,44,59,10,
11/20/2013,4,18,23,32,45,7,
11/23/2013,5,12,43,52,55,10,
11/27/2013,18,25,50,55,57,17,
11/30/2013,5,26,44,45,57,29,
12/04/2013,6,9,11,31,44,25,
12/07/2013,13,20,32,45,48,17,
12/11/2013,1,10,13,18,19,27,
12/14/2013,14,25,32,33,41,34,
12/18/2013,7,24,37,39,40,1,
12/21/2013,25,36,40,45,51,8,
12/25/2013,23,28,38,39,56,32,
12/28/2013,8,35,44,51,56,18,
01/01/2014,15,24,40,48,52,23,
01/04/2014,19,20,37,41,58,14,
01/08/2014,10,28,39,47,58,22,
01/11/2014,10,15,33,48,54,34,
01/15/2014,7,8,9,24,29,25,
01/18/2014,13,14,19,31,38,25,
01/22/2014,1,2,7,9,55,29,3
01/25/2014,8,12,18,55,57,2,2
01/29/2014,11,23,28,32,47,20,2
02/01/2014,5,12,15,27,38,7,2
02/05/2014,8,17,32,57,59,24,3
02/08/2014,24,25,34,37,54,29,2
02/12/2014,36,44,49,52,57,1,2
02/15/2014,2,9,14,21,23,3,3
02/19/2014,1,17,35,49,54,34,3
02/22/2014,2,3,13,14,54,4,5
02/26/2014,11,12,17,38,42,2,2
03/01/2014,3,8,25,30,47,13,4
03/05/2014,3,7,9,26,54,19,2
03/08/2014,10,14,24,32,41,30,2
03/12/2014,14,15,28,37,54,10,2
03/15/2014,2,5,34,51,58,9,4
03/19/2014,2,19,23,34,43,14,2
03/22/2014,13,28,31,55,58,15,2
03/26/2014,28,33,41,44,59,21,2
03/29/2014,2,3,12,27,38,17,2
04/02/2014,8,13,19,22,53,24,2
04/05/2014,11,21,26,33,34,29,5
04/09/2014,9,14,44,48,49,29,2
04/12/2014,14,26,45,54,55,20,2
04/16/2014,34,39,42,44,59,8,3
04/19/2014,5,6,29,35,51,21,5
04/23/2014,19,25,29,36,48,12,4
04/26/2014,3,7,22,30,33,20,3
04/30/2014,2,9,11,19,50,32,3
05/03/2014,5,15,16,46,49,26,4
05/07/2014,17,29,31,48,49,34,2
05/10/2014,4,31,41,47,55,1,2
05/14/2014,7,33,39,52,55,33,3
05/17/2014,23,32,39,47,49,22,3
05/21/2014,4,20,34,39,58,31,5
05/24/2014,15,16,28,49,55,18,2
05/28/2014,2,24,28,32,59,25,3
05/31/2014,15,27,31,34,48,1,2
06/04/2014,1,7,10,22,49,24,3
06/07/2014,28,30,35,58,59,15,2
06/11/2014,14,18,25,33,49,23,5
06/14/2014,9,33,42,45,54,30,3
06/18/2014,6,9,29,52,59,7,3
06/21/2014,5,6,37,41,54,26,3
06/25/2014,10,20,25,50,53,35,4
07/02/2014,8,18,45,53,58,35,2
07/05/2014,24,34,36,57,58,11,4
07/09/2014,9,25,42,55,57,14,2
07/12/2014,2,3,7,23,51,26,2
07/16/2014,5,15,18,26,32,35,3
07/19/2014,10,17,25,45,53,9,2
07/23/2014,4,10,12,22,31,3,5
07/26/2014,24,28,30,38,39,16,2
07/30/2014,13,30,42,49,53,29,3
08/02/2014,12,26,44,46,47,29,2
08/06/2014,1,8,24,28,49,24,5
08/09/2014,3,12,31,34,51,24,2
08/13/2014,8,37,39,40,52,24,2
08/16/2014,7,8,17,48,59,9,2
08/20/2014,4,8,21,38,40,3,2
08/23/2014,28,32,35,36,52,31,3
08/27/2014,17,24,26,45,46,19,3
08/30/2014,5,28,31,52,59,27,2
09/03/2014,2,16,43,45,51,35,3
09/06/2014,9,29,31,43,50,18,2
09/10/2014,2,14,39,40,43,13,5
09/13/2014,1,6,16,37,53,27,3
09/17/2014,18,25,36,48,50,23,2
09/20/2014,22,23,30,37,39,16,4
09/24/2014,7,14,21,24,41,26,4
09/27/2014,2,11,35,52,54,13,3
10/01/2014,1,4,18,20,45,7,2
10/04/2014,13,18,24,25,33,31,2
10/08/2014,5,16,31,46,50,18,3
10/11/2014,10,19,37,38,39,28,2
10/15/2014,5,7,19,27,28,20,2
10/18/2014,20,26,27,36,54,19,2
10/22/2014,29,30,40,42,50,16,2
10/25/2014,6,10,51,54,57,12,2
10/29/2014,25,28,48,57,59,16,3
11/01/2014,1,3,13,25,38,17,2
11/05/2014,2,11,19,21,42,34,3
11/08/2014,9,19,33,38,54,15,3
11/12/2014,37,39,51,52,55,11,3
11/15/2014,13,16,33,35,51,28,2
11/19/2014,6,36,38,48,51,17,2
11/22/2014,23,49,53,54,57,35,2
11/26/2014,16,17,22,46,54,35,5
11/29/2014,13,24,30,42,48,27,2
12/03/2014,25,30,32,46,54,26,3
12/06/2014,12,15,22,43,49,14,2
12/10/2014,34,44,48,54,55,10,2
12/13/2014,5,13,28,43,55,33,3
12/17/2014,22,31,38,47,48,15,3
12/20/2014,14,15,19,31,56,5,5
12/24/2014,11,12,46,47,50,22,4
12/27/2014,7,10,11,14,36,15,2
12/31/2014,17,27,37,40,53,35,2
01/03/2015,4,18,43,46,55,25,3
01/07/2015,14,15,47,49,59,10,2
01/10/2015,2,9,19,28,29,19,5
01/14/2015,2,4,10,41,53,22,5
01/17/2015,15,16,23,27,36,9,2
01/21/2015,11,12,15,28,57,23,4
01/24/2015,16,19,20,29,33,10,2
01/28/2015,12,24,35,36,49,1,5
01/31/2015,5,11,16,26,50,34,2
02/04/2015,24,36,51,52,56,22,2
02/07/2015,5,10,21,34,58,33,5
02/11/2015,11,13,25,39,54,19,3
02/14/2015,1,24,44,45,51,28,2
02/18/2015,1,9,29,32,49,22,2
02/21/2015,10,14,18,34,51,26,2
02/25/2015,17,19,21,32,39,8,3
02/28/2015,11,17,25,28,46,12,2
03/04/2015,8,12,15,35,50,32,2
03/07/2015,34,36,38,42,50,33,4
03/11/2015,11,24,31,40,44,27,2
03/14/2015,8,14,39,46,47,18,2
03/18/2015,14,25,30,33,47,8,2
03/21/2015,11,16,30,38,42,7,4
03/25/2015,7,19,23,50,54,14,2
03/28/2015,2,4,6,12,38,17,3
04/01/2015,2,30,33,39,44,1,3
04/04/2015,33,39,40,41,54,28,3
04/08/2015,1,19,45,46,58,29,2
04/11/2015,1,12,32,42,58,12,2
04/15/2015,1,16,21,29,40,30,3
04/18/2015,13,22,23,29,31,17,3
04/22/2015,10,14,25,39,53,18,2
04/25/2015,21,33,35,38,45,12,2
04/29/2015,1,26,34,38,51,6,3
05/02/2015,2,6,11,30,31,33,3
05/06/2015,23,24,27,39,41,30,5
05/09/2015,4,15,17,35,58,17,3
05/13/2015,1,25,29,31,47,7,3
05/16/2015,24,29,38,48,52,32,2
05/20/2015,1,12,28,35,44,25,3
05/23/2015,9,15,17,31,43,16,4
05/27/2015,8,15,34,53,59,23,2
05/30/2015,8,9,25,56,57,22,2
06/03/2015,6,8,13,37,40,11,2
06/06/2015,8,13,18,27,43,15,4
06/10/2015,31,32,48,49,53,25,2
06/13/2015,29,41,48,52,54,29,2
06/17/2015,20,21,22,41,54,7,3
06/20/2015,9,10,16,20,57,15,2
06/24/2015,3,5,10,22,32,7,4
06/27/2015,18,28,35,46,49,27,5
07/01/2015,7,24,26,31,41,25,2
07/04/2015,3,6,14,18,24,21,3
07/08/2015,4,15,25,27,30,18,3
07/11/2015,11,39,46,52,54,3,2
07/15/2015,13,16,34,45,50,11,2
07/18/2015,6,37,39,45,55,33,3
07/22/2015,12,31,43,44,57,11,2
07/25/2015,27,29,34,41,44,2,3
07/29/2015,4,22,27,28,52,35,3
08/01/2015,7,13,24,49,57,15,3
08/05/2015,9,11,14,16,42,19,2
08/08/2015,9,34,48,52,54,15,4
08/12/2015,8,13,29,38,52,28,2
08/15/2015,3,13,17,42,52,24,4
08/19/2015,6,8,43,48,50,7,2
08/22/2015,4,12,14,21,55,7,4
08/26/2015,2,22,32,45,56,12,5
08/29/2015,18,21,25,28,29,16,2
09/02/2015,17,22,30,46,56,16,3
09/05/2015,10,16,18,29,45,19,2
09/09/2015,44,45,47,50,51,8,2
09/12/2015,2,3,13,16,35,27,3
09/16/2015,5,7,24,31,39,7,3
09/19/2015,12,17,26,43,48,24,2
09/23/2015,8,29,41,51,58,5,2
09/26/2015,23,31,42,50,57,5,3
09/30/2015,21,39,40,55,59,17,3
10/03/2015,6,26,33,44,46,4,2
10/07/2015,18,30,40,48,52,9,3
10/10/2015,12,27,29,43,68,1,2
10/14/2015,15,20,29,31,40,1,2
10/17/2015,48,49,57,62,69,19,3
10/21/2015,30,32,42,56,57,11,4
10/24/2015,20,31,56,60,64,2,3
10/28/2015,4,54,56,62,63,10,2
10/31/2015,9,20,25,47,68,7,2
11/04/2015,2,12,17,20,65,17,4
11/07/2015,7,16,25,50,53,15,2
11/11/2015,4,26,32,55,64,18,3
11/14/2015,14,22,37,45,66,5,3
11/18/2015,17,40,41,46,69,6,2
11/21/2015,37,47,50,52,57,21,3
11/25/2015,16,29,53,58,69,21,2
11/28/2015,2,6,47,66,67,2,3
12/02/2015,14,18,19,32,64,9,2
12/05/2015,13,27,33,47,68,13,2
12/09/2015,7,10,16,46,56,1,2
12/12/2015,2,14,19,30,62,22,2
12/16/2015,9,10,32,42,55,6,2
12/19/2015,28,30,41,59,68,10,2
12/23/2015,16,38,55,63,67,25,4
12/26/2015,27,40,44,59,65,20,2
12/30/2015,12,36,38,54,61,22,3
01/02/2016,5,6,15,29,42,10,2
01/06/2016,2,11,47,62,63,17,3
01/09/2016,16,19,32,34,57,13,3
01/13/2016,4,8,19,27,34,10,2
01/16/2016,3,51,52,61,64,6,2
01/20/2016,5,39,44,47,69,24,5
01/23/2016,22,32,34,40,69,19,4
01/27/2016,3,12,40,52,67,21,2
01/30/2016,5,12,16,31,43,18,4
02/03/2016,26,28,31,60,67,23,3
02/06/2016,4,13,31,36,52,8,3
02/10/2016,2,3,40,50,62,5,2
02/13/2016,7,15,18,19,36,20,2
02/17/2016,7,17,27,29,40,25,2
02/20/2016,11,12,15,16,54,25,5
02/24/2016,21,31,64,65,67,5,3
02/27/2016,10,11,21,22,53,18,3
03/02/2016,12,13,44,52,62,6,2
03/05/2016,3,27,34,59,69,19,2
03/09/2016,14,23,32,34,68,3,3
03/12/2016,11,28,50,57,62,23,2
03/16/2016,10,12,13,46,50,21,3
03/19/2016,11,23,43,54,60,3,3
03/23/2016,5,8,15,22,49,25,3
03/26/2016,11,23,42,52,68,6,3
03/30/2016,24,44,53,55,63,19,2
04/02/2016,9,28,30,40,61,3,2
04/06/2016,4,28,49,60,65,25,2
04/09/2016,14,22,23,41,61,9,3
04/13/2016,30,33,35,38,64,22,3
04/16/2016,3,18,25,32,51,3,2
04/20/2016,12,25,30,52,62,8,3
04/23/2016,19,35,46,59,62,13,5
04/27/2016,2,25,33,39,64,17,2
04/30/2016,3,12,16,32,34,14,3
05/04/2016,30,47,57,66,69,3,3
05/07/2016,5,25,26,44,66,9,2
05/11/2016,20,32,52,66,69,23,3
05/14/2016,13,27,47,64,65,9,3
05/18/2016,23,25,39,54,67,11,3
05/21/2016,5,7,9,23,32,26,4
05/25/2016,11,24,41,59,64,15,3
05/28/2016,6,33,34,58,59,12,2
06/01/2016,23,30,33,40,69,12,5
06/04/2016,16,20,22,43,64,17,2
06/08/2016,12,25,37,60,69,20,3
06/11/2016,20,27,36,41,58,7,2
06/15/2016,4,22,24,31,33,10,2
06/18/2016,2,23,41,53,63,11,2
06/22/2016,14,40,42,43,52,17,3
06/25/2016,3,27,36,56,69,25,2
06/29/2016,23,29,37,60,64,6,2
07/02/2016,10,34,39,59,63,4,2
07/06/2016,2,24,31,57,66,18,3
07/09/2016,10,28,32,61,64,12,3
07/13/2016,3,15,29,54,57,10,3
07/16/2016,11,17,40,50,62,26,2
07/20/2016,6,25,35,58,66,5,2
07/23/2016,5,7,23,35,39,11,2
07/27/2016,10,47,50,65,68,24,2
07/30/2016,11,17,21,23,32,5,2
08/03/2016,9,11,27,66,67,2,3
08/06/2016,20,33,36,47,52,12,3
08/10/2016,23,56,61,64,67,12,5
08/13/2016,38,44,60,64,69,6,2
08/17/2016,33,44,49,50,52,8,3
08/20/2016,3,6,21,60,68,24,2
08/24/2016,9,11,25,64,65,16,3
08/27/2016,4,32,48,49,63,20,2
08/31/2016,5,10,24,56,61,12,2
09/03/2016,7,39,50,59,67,25,3
09/07/2016,22,23,29,33,55,21,2
09/10/2016,3,17,49,55,68,8,2
09/14/2016,10,11,23,28,31,14,2
09/17/2016,9,19,51,55,62,14,4
09/21/2016,1,28,63,67,69,17,4
09/24/2016,7,15,20,29,41,22,2
09/28/2016,30,38,52,53,62,1,3
10/01/2016,2,12,50,61,64,1,2
10/05/2016,8,18,27,29,60,15,2
10/08/2016,3,54,61,64,68,9,2
10/12/2016,16,30,34,37,44,16,2
10/15/2016,23,49,57,64,67,20,2
10/19/2016,10,16,38,43,63,23,2
10/22/2016,1,28,33,55,56,22,2
10/26/2016,2,3,16,48,56,24,2
10/29/2016,19,20,21,42,48,23,3
11/02/2016,13,18,37,54,61,5,2
11/05/2016,21,31,50,51,69,8,3
11/09/2016,1,25,28,31,54,2,2
11/12/2016,8,17,20,27,52,24,2
11/16/2016,28,41,61,63,65,7,2
11/19/2016,16,24,28,43,61,21,2
11/23/2016,7,32,41,47,61,3,2
11/26/2016,17,19,21,37,44,16,2
11/30/2016,3,14,18,25,45,7,2
12/03/2016,8,10,26,27,33,22,2
12/07/2016,41,48,49,53,64,20,2
12/10/2016,12,21,32,44,66,15,2
12/14/2016,18,26,37,39,66,15,3
12/17/2016,1,8,16,40,48,10,2
12/21/2016,25,33,40,54,68,3,5
12/24/2016,28,38,42,51,52,21,2
12/28/2016,16,23,30,44,58,4,2
12/31/2016,1,3,28,57,67,9,2
01/04/2017,16,17,29,41,42,4,3
01/07/2017,3,12,24,37,63,10,2
01/11/2017,1,3,13,16,43,24,2
01/14/2017,23,55,59,64,69,13,5
01/18/2017,9,40,41,53,58,12,2
01/21/2017,23,25,45,52,67,2,2
01/25/2017,18,28,62,66,68,22,2
01/28/2017,12,20,39,49,69,17,2
02/01/2017,9,43,57,60,64,10,2
02/04/2017,6,13,16,17,52,25,3
02/08/2017,14,20,42,49,66,5,2
02/11/2017,5,9,17,37,64,2,2
02/15/2017,5,28,33,38,42,19,2
02/18/2017,3,7,9,31,33,20,3
02/22/2017,10,13,28,52,61,2,2
02/25/2017,6,32,47,62,65,19,2
03/01/2017,10,16,40,52,55,17,10
03/01/2017,10,16,40,52,55,17,10
03/04/2017,2,18,19,22,63,19,3
03/08/2017,23,33,42,46,59,4,2
03/11/2017,1,26,41,50,57,11,2
03/15/2017,16,30,41,48,53,16,3
03/18/2017,13,25,44,54,67,5,3
03/22/2017,2,9,27,29,42,9,2
03/25/2017,18,31,32,45,48,16,4
03/29/2017,8,15,31,36,62,11,3
04/01/2017,9,32,36,44,65,1,3
04/05/2017,8,20,46,53,54,13,2
04/08/2017,23,36,51,53,60,15,2
04/12/2017,8,14,61,63,68,24,2
04/15/2017,5,22,26,45,61,13,3
04/19/2017,1,19,37,40,52,15,3
04/22/2017,21,39,41,48,63,6,3
04/26/2017,1,15,18,26,51,26,4
04/29/2017,22,23,24,45,62,5,2
05/03/2017,17,18,49,59,66,9,2
05/06/2017,11,21,31,41,59,21,3
05/10/2017,29,31,46,56,62,8,2
05/13/2017,17,20,32,63,68,19,5
05/17/2017,4,11,39,45,48,9,3
05/20/2017,5,22,45,47,54,3,2
05/24/2017,28,32,33,38,62,15,2
05/27/2017,5,10,28,55,67,9,3
05/31/2017,4,33,39,46,60,6,2
06/03/2017,3,9,21,41,54,25,4
06/07/2017,5,21,57,66,69,13,3
06/14/2017,5,22,43,57,63,24,2
06/17/2017,10,13,32,53,62,21,2
06/21/2017,14,46,61,65,68,13,2
06/24/2017,10,22,32,36,58,10,4
06/28/2017,29,37,46,53,68,8,2
07/01/2017,19,42,45,48,53,16,3
07/05/2017,4,9,16,54,68,21,2
07/08/2017,8,10,29,40,59,26,2
07/12/2017,1,2,18,23,61,9,2
07/15/2017,9,40,63,64,66,17,2
07/19/2017,50,51,59,61,63,4,5
07/22/2017,5,32,44,53,60,9,3
07/26/2017,7,19,21,42,69,12,2
07/29/2017,1,28,40,45,48,12,2
08/02/2017,1,16,54,63,69,18,3
08/05/2017,11,21,28,33,45,11,2
08/09/2017,12,30,36,47,62,9,4
08/12/2017,20,24,26,35,49,19,2
08/16/2017,9,15,43,60,64,4,3
08/19/2017,17,19,39,43,68,13,4
08/23/2017,6,7,16,23,26,4,4
08/26/2017,7,15,32,38,66,15,2
08/30/2017,19,28,43,67,69,7,2
09/02/2017,6,21,41,52,62,26,2
09/06/2017,8,14,32,58,67,17,3
09/09/2017,6,20,29,57,59,22,2
09/13/2017,17,24,35,57,63,19,3
09/16/2017,17,18,24,25,31,24,2
09/20/2017,39,48,53,67,68,26,3
09/23/2017,24,45,55,56,57,19,2
09/27/2017,8,10,21,23,25,22,3
09/30/2017,8,12,25,41,64,15,3
10/04/2017,22,23,62,63,66,24,2
10/07/2017,10,49,61,63,65,7,2
10/11/2017,1,3,13,19,69,23,2
10/14/2017,32,37,56,66,69,11,3
10/18/2017,30,49,54,66,69,8,2
10/21/2017,14,41,42,45,69,4,2
10/25/2017,18,22,29,54,57,8,3
10/28/2017,27,35,38,57,66,10,2
11/01/2017,3,6,19,26,44,1,2
11/04/2017,12,14,26,48,51,13,3
11/08/2017,12,14,20,21,34,22,2
11/11/2017,4,6,16,30,56,18,2
11/15/2017,23,32,44,48,50,25,2
11/18/2017,17,28,31,32,39,26,3
11/22/2017,35,37,46,51,61,13,2
11/25/2017,8,13,27,53,54,4,2
11/29/2017,24,26,28,59,63,16,3
12/02/2017,28,30,32,36,58,6,3
12/06/2017,19,20,50,55,62,9,2
12/09/2017,25,36,37,55,60,6,5
12/13/2017,2,24,28,51,58,7,3
12/16/2017,9,35,37,50,63,11,2
12/20/2017,1,20,61,64,69,20,2
12/23/2017,1,3,13,15,44,25,2
12/27/2017,3,9,16,56,60,3,3
12/30/2017,28,36,41,51,58,24,2
01/03/2018,2,18,37,39,42,12,3
01/06/2018,12,61,30,29,33,26,3
01/10/2018,7,24,33,49,50,4,5
01/13/2018,14,25,35,58,69,24,2
01/17/2018,3,33,37,51,57,21,2
01/20/2018,26,28,47,49,58,3,4
01/24/2018,5,9,11,33,64,21,3
01/27/2018,17,21,26,47,54,7,2
01/31/2018,4,7,14,46,59,22,10
02/03/2018,15,23,27,48,53,6,2
02/07/2018,23,34,35,40,47,10,2
02/10/2018,1,13,27,41,59,20,5
02/14/2018,37,39,44,46,69,26,2
02/17/2018,13,26,39,44,62,2,3
02/21/2018,7,15,31,34,36,8,3
02/24/2018,24,25,38,62,63,6,2
02/28/2018,12,30,59,65,69,16,5
03/03/2018,13,17,25,36,40,5,2
03/07/2018,6,13,19,36,51,18,2
03/10/2018,43,44,54,61,69,22,3
03/14/2018,6,12,24,41,68,9,3
03/17/2018,22,57,59,60,66,7,2
03/21/2018,3,4,18,29,61,25,2
03/24/2018,10,33,45,53,56,24,3
03/28/2018,6,8,26,52,53,21,2
03/31/2018,8,24,52,55,61,21,3
04/04/2018,8,24,42,54,64,24,4
04/07/2018,2,17,20,38,39,20,2
04/11/2018,16,18,27,55,67,18,3
04/14/2018,17,19,26,61,62,15,2
04/18/2018,9,10,12,17,23,9,2
04/21/2018,40,50,54,62,69,19,2
04/25/2018,17,18,39,56,64,12,3
04/28/2018,20,22,28,45,50,8,5
05/02/2018,5,14,31,40,50,6,2
05/05/2018,14,29,36,57,61,17,4
05/09/2018,11,16,38,50,69,19,2
05/12/2018,22,42,45,55,56,14,3
05/16/2018,17,19,21,22,51,19,2
05/19/2018,3,6,9,17,56,25,3
05/23/2018,20,54,56,61,64,7,4
05/26/2018,1,21,31,45,49,21,2
05/30/2018,17,23,26,46,68,20,2
06/02/2018,23,25,37,44,64,7,4
06/06/2018,23,28,41,53,56,14,3
06/09/2018,6,10,15,25,36,14,3
06/13/2018,13,20,38,45,55,1,2
06/16/2018,9,45,57,58,65,9,2
06/20/2018,4,14,23,27,56,13,2
06/23/2018,16,29,43,45,56,25,2
06/27/2018,7,28,37,62,63,15,2
06/30/2018,3,9,20,42,61,24,2
07/04/2018,4,7,15,41,44,10,2
07/07/2018,1,10,43,45,64,22,3
07/11/2018,19,21,27,46,47,7,4
07/14/2018,22,41,42,49,67,11,3
07/18/2018,1,10,27,28,36,12,2
07/21/2018,9,23,56,58,68,1,2
07/25/2018,2,18,41,44,64,26,2
07/28/2018,22,27,46,56,65,13,2
08/01/2018,5,22,32,38,58,26,2
08/04/2018,3,11,38,44,58,2,4
08/08/2018,10,21,30,43,63,17,2
08/11/2018,5,43,56,62,68,24,2
08/15/2018,12,15,28,47,48,16,2
08/18/2018,24,34,52,61,67,16,3
08/22/2018,1,7,45,47,69,13,2
08/25/2018,20,25,54,57,63,8,2
08/29/2018,25,41,53,57,67,12,2
09/01/2018,11,54,55,61,66,9,3
09/05/2018,6,15,50,59,60,13,2
09/08/2018,3,13,20,32,33,21,3
09/12/2018,6,28,48,63,64,24,2
09/15/2018,2,18,19,24,34,3,3
09/19/2018,4,39,48,50,51,11,3
09/22/2018,24,61,63,64,69,18,5
09/26/2018,1,2,7,30,50,8,5
09/29/2018,9,17,34,59,64,22,2
10/03/2018,41,53,59,63,66,3,3
10/06/2018,1,22,27,53,67,15,3
10/10/2018,8,23,27,42,60,7,3
10/13/2018,11,14,32,43,65,15,3
10/17/2018,3,57,64,68,69,15,3
10/20/2018,16,54,57,62,69,23,2
10/24/2018,3,21,45,53,56,22,2
10/27/2018,8,12,13,19,27,4,3
10/31/2018,7,25,39,40,47,20,3
11/03/2018,15,21,24,32,65,11,3
11/07/2018,26,28,34,42,50,25,2
11/10/2018,5,29,34,53,57,24,2
11/14/2018,7,42,49,62,69,23,5
11/17/2018,6,8,20,52,68,5,2
11/21/2018,7,14,23,38,55,18,2
11/24/2018,11,33,51,56,58,18,2
11/28/2018,4,19,59,68,69,21,2
12/01/2018,10,11,47,55,58,26,2
12/05/2018,9,11,36,37,38,11,5
12/08/2018,14,32,34,46,61,10,2
12/12/2018,4,9,21,29,64,26,2
12/15/2018,8,38,43,52,55,17,3
12/22/2018,21,28,30,40,59,26,3
12/19/2018,15,29,31,37,43,16,2
12/26/2018,5,25,38,52,67,24,2
12/29/2018,12,42,51,53,62,25,2
01/02/2019,8,12,42,46,56,12,2
01/05/2019,3,7,15,27,69,19,2
01/09/2019,6,19,37,49,59,22,3
01/12/2019,7,36,48,57,58,24,2
01/16/2019,14,29,31,56,61,1,2
01/19/2019,5,8,41,65,66,20,3
01/23/2019,23,25,47,48,50,24,3
01/26/2019,8,12,20,21,32,10,4
01/30/2019,2,12,16,29,54,6,2
02/02/2019,10,17,18,43,65,13,5
02/06/2019,5,13,28,38,63,21,5
02/09/2019,1,2,3,7,39,25,3
02/13/2019,2,8,14,24,69,26,2
02/16/2019,29,30,41,48,64,1,4
02/20/2019,27,49,50,51,52,2,2
02/23/2019,4,6,14,20,32,13,2
02/27/2019,21,31,42,49,59,23,5
03/02/2019,1,19,25,27,68,21,2
03/06/2019,6,10,21,35,46,23,2
03/09/2019,5,6,45,55,59,14,3
03/13/2019,18,36,45,47,69,14,3
03/16/2019,30,34,39,53,67,11,2
03/20/2019,10,14,50,53,63,21,2
03/23/2019,24,25,52,60,66,5,3
03/27/2019,16,20,37,44,62,12,3
03/30/2019,21,52,54,64,68,4,3
04/03/2019,16,19,25,32,49,18,2
04/06/2019,15,33,43,59,60,8,3
04/10/2019,12,21,23,39,67,6,4
04/13/2019,4,17,26,32,49,10,2
04/17/2019,1,15,17,46,66,15,3
04/20/2019,3,27,30,63,65,1,3
04/24/2019,6,32,35,36,65,4,5
04/27/2019,2,29,41,45,62,6,3
05/01/2019,5,23,28,56,66,17,5
05/04/2019,6,16,23,30,61,2,2
05/08/2019,1,45,53,64,66,3,3
05/11/2019,6,8,9,37,40,26,2
05/15/2019,7,17,33,61,68,4,2
05/18/2019,2,10,25,66,67,26,4
05/22/2019,7,10,20,44,57,3,2
05/25/2019,1,2,39,43,66,2,3
05/29/2019,3,32,34,42,61,7,2
06/01/2019,6,15,34,45,52,8,2
06/05/2019,17,23,28,34,38,8,3
06/08/2019,9,13,42,48,60,18,2
06/12/2019,5,35,38,42,57,13,2
06/15/2019,8,11,14,16,49,14,3
06/19/2019,4,18,21,26,38,1,3
06/22/2019,3,6,11,14,66,21,2
06/26/2019,1,5,16,22,54,24,3
06/29/2019,13,17,24,59,62,8,2
07/03/2019,40,43,45,50,61,25,3
07/06/2019,4,8,23,46,65,1,2
07/10/2019,7,9,26,44,68,3,3
07/13/2019,13,23,32,35,68,21,3
07/17/2019,19,43,47,60,68,10,2
07/20/2019,5,26,36,64,69,19,3
07/24/2019,22,29,35,53,56,13,2
07/27/2019,1,19,31,48,61,6,2
07/31/2019,14,37,47,55,67,6,2
08/03/2019,3,6,45,66,68,13,2
08/07/2019,8,32,47,53,59,3,3
08/10/2019,35,41,44,58,59,3,3
08/14/2019,10,13,30,51,69,10,2
08/17/2019,18,21,24,30,60,20,3
08/21/2019,12,21,22,29,32,21,2
08/24/2019,5,12,20,21,47,1,2
08/28/2019,9,32,37,41,56,14,10
08/31/2019,14,41,50,56,57,18,5
09/04/2019,4,8,30,52,59,2,10
09/07/2019,11,20,41,42,56,6,2
09/11/2019,6,17,24,53,57,3,3
09/14/2019,11,27,31,36,67,11,2
09/18/2019,14,19,39,47,51,15,3
09/21/2019,1,9,22,36,68,22,2
09/25/2019,37,43,44,45,53,25,3
09/28/2019,15,23,34,51,55,4,2
10/02/2019,4,8,10,43,53,7,2
10/05/2019,6,14,36,51,54,4,2
10/09/2019,5,18,33,43,65,2,2
10/12/2019,12,29,34,53,65,23,2
10/16/2019,1,5,25,63,67,3,2
10/19/2019,14,27,29,59,65,12,2
10/23/2019,5,12,50,61,69,23,2
10/26/2019,3,20,48,54,59,4,4
10/30/2019,19,22,52,56,67,21,2
11/02/2019,3,23,32,37,58,22,2
11/06/2019,15,28,46,62,64,17,3
11/09/2019,14,17,35,38,60,25,2
11/13/2019,23,26,27,28,66,11,2
11/16/2019,14,22,26,55,63,26,3
11/20/2019,7,15,39,40,57,12,2
11/23/2019,28,35,38,61,66,23,3
11/27/2019,15,26,37,53,55,21,2
11/30/2019,15,35,42,63,68,18,4
12/04/2019,8,27,44,51,61,14,3
12/07/2019,18,42,53,62,66,25,3
12/11/2019,24,29,42,44,63,10,4
12/14/2019,3,6,12,32,64,19,3
12/18/2019,14,18,26,39,68,9,2
12/21/2019,19,31,35,50,67,14,2
12/25/2019,2,4,16,30,46,20,2
12/28/2019,20,23,39,59,60,18,2
01/01/2020,49,53,57,59,62,26,2
01/04/2020,1,11,21,25,54,7,2
01/08/2020,2,4,7,43,56,22,4
01/11/2020,3,21,23,31,59,3,2
01/15/2020,39,41,53,55,68,19,2
01/18/2020,20,24,38,56,68,18,2
01/22/2020,11,33,44,59,67,8,3
01/25/2020,2,9,17,36,67,18,2
01/29/2020,9,12,15,31,60,2,2
02/01/2020,12,33,54,57,60,13,4
02/05/2020,23,30,35,41,57,2,3
02/08/2020,35,49,50,59,66,6,2
02/12/2020,14,47,54,55,68,25,2
02/15/2020,16,32,35,36,46,3,3
02/19/2020,10,12,15,19,56,19,2
02/22/2020,25,37,39,61,62,11,3
02/26/2020,8,27,29,36,47,24,3
02/29/2020,24,44,46,50,51,13,3
03/04/2020,18,43,58,60,68,14,2
03/07/2020,7,15,21,33,62,23,2
03/11/2020,4,29,49,50,67,2,4
03/14/2020,9,23,26,30,32,8,3
03/18/2020,15,27,44,59,63,8,4
03/21/2020,2,23,40,59,69,13,2
03/25/2020,5,9,27,39,42,16,2
03/28/2020,7,40,48,55,66,11,2
04/01/2020,33,35,45,48,60,16,2
04/04/2020,8,31,39,40,43,4,3
04/08/2020,2,37,39,48,54,5,3
04/11/2020,22,29,30,42,47,17,3
04/15/2020,10,12,33,36,41,2,3
04/18/2020,4,44,46,56,63,19,2
04/22/2020,1,33,35,40,69,24,5
04/25/2020,1,3,21,47,57,18,2
04/29/2020,2,20,49,61,67,20,2
05/02/2020,13,16,33,58,68,24,5
05/06/2020,7,8,35,50,65,20,4
05/09/2020,12,18,42,48,65,19,5
05/13/2020,39,53,54,56,57,20,3
05/16/2020,8,12,26,39,42,11,2
05/20/2020,18,34,40,42,50,9,2
05/23/2020,2,8,18,21,23,16,4
05/27/2020,38,58,59,64,68,21,3
05/30/2020,13,32,41,58,60,14,2
06/03/2020,1,3,26,41,64,17,2
06/06/2020,1,17,38,68,69,18,2
06/10/2020,10,33,41,52,54,18,5
06/13/2020,2,12,32,50,65,5,3
06/17/2020,7,10,63,64,68,10,3
06/20/2020,10,31,41,63,67,5,3
06/24/2020,15,22,27,33,46,23,3
06/27/2020,9,36,49,56,62,8,2
07/01/2020,15,28,52,53,63,18,4
07/04/2020,16,21,27,60,61,6,2
07/08/2020,3,10,34,36,62,5,10
07/11/2020,14,19,61,62,64,4,2
07/15/2020,27,47,61,62,69,4,10
07/18/2020,13,16,32,58,59,9,2
07/22/2020,16,25,36,44,55,14,3
07/25/2020,5,21,36,61,62,18,2
07/29/2020,7,29,35,40,45,26,2
08/01/2020,6,25,36,43,48,24,3
08/05/2020,7,14,17,57,65,24,5
08/08/2020,2,3,14,40,51,24,3
08/12/2020,2,6,18,36,37,21,2
08/15/2020,5,12,34,45,56,3,3
08/19/2020,13,23,47,55,58,23,10
08/22/2020,19,30,36,42,66,14,3
